Borrower Transaction-Level Detail Report -- Institution,,,,,,,,,,,,,,,,,,,,,,,,,,,,,,,,,,,,,,,,
Reporting Period	July 2022,,,,,,,,,,,,,,,,,,,,,,,,,,,,,,,,,,,,,,,,
,,,,,,,,,,,,,,,,,,,,,,,,,,,,,,,,,,,,,,,,
Institution	KING CNTY LIBR SYST,,,,,,,,,,,,,,,,,,,,,,,,,,,,,,,,,,,,,,,,
Symbol	NTG,,,,,,,,,,,,,,,,,,,,,,,,,,,,,,,,,,,,,,,,
,,,,,,,,,,,,,,,,,,,,,,,,,,,,,,,,,,,,,,,,
Institution Name	Institution Symbol	Institution State	Library Type	Requests To Lender	Requests To Lender From WorldCat	Requests,Canceled,Requests,Filled,Requests,Filled,(Loan),Requests,Filled,(Copy),Requests,Unfilled,Direct,Request:,Unmediated,Direct,Request:,Mediated,Average,Turnaround,Time,For,Filled,Requests,(dd:hh:mm),Average,Turnaround,Time,For,Loan,Filled,Requests,(dd:hh:mm),Average,Turnaround,Time,For,Copy,Filled,Requests,(dd:hh:mm)
Totals Year-To-Date				14764	14756	109	7109	7000	109	7620	0	0	1:15:07	1:15:22	1:02:38,,,,,,,,,,,,,,,,,,,,,,,,,,,,,,,,,,,,,,,,
Totals				1765	1764	8	940	927	13	878	0	0	1:16:19	1:16:34	0:18:29,,,,,,,,,,,,,,,,,,,,,,,,,,,,,,,,,,,,,,,,
ABILENE CHRISTIAN UNIV	TXC	TX	Academic	3	3	0	0	0	0	3	0	0	0:00:00	0:00:00	0:00:00,,,,,,,,,,,,,,,,,,,,,,,,,,,,,,,,,,,,,,,,
ABILENE PUB LIBR	TXB	TX	Public	1	1	0	0	0	0	1	0	0	0:00:00	0:00:00	0:00:00,,,,,,,,,,,,,,,,,,,,,,,,,,,,,,,,,,,,,,,,
ADA COMMUN LIBR	ZRK	ID	Public	1	1	0	1	1	0	0	0	0	4:00:00	4:00:00	0:00:00,,,,,,,,,,,,,,,,,,,,,,,,,,,,,,,,,,,,,,,,
AISO LIBR DLIFLC	TSL	CA	Federal/Natl Government	1	1	0	1	1	0	0	0	0	0:00:00	0:00:00	0:00:00,,,,,,,,,,,,,,,,,,,,,,,,,,,,,,,,,,,,,,,,
ALACHUA CNTY LIBR DIST	FMG	FL	Public	1	1	0	0	0	0	1	0	0	0:00:00	0:00:00	0:00:00,,,,,,,,,,,,,,,,,,,,,,,,,,,,,,,,,,,,,,,,
"ALAMANCE COMMUN COL	HZT	NC	Junior, Community, Technical Colleges	1	1	0	0	0	0	1	0	0	0:00:00	0:00:00	0:00:00",,,,,,,,,,,,,,,,,,,,,,,,,,,,,,,,,,,,,,,,
ALASKA STATE LIBR	ALK	AK	State Library	1	1	0	0	0	0	1	0	0	0:00:00	0:00:00	0:00:00,,,,,,,,,,,,,,,,,,,,,,,,,,,,,,,,,,,,,,,,
ALBANY PUB LIBR	ABY	OR	Public	3	3	0	2	2	0	3	0	0	4:12:00	4:12:00	0:00:00,,,,,,,,,,,,,,,,,,,,,,,,,,,,,,,,,,,,,,,,
ALBRIGHT COLL	ABI	PA	Academic	1	1	0	0	0	0	0	0	0	0:00:00	0:00:00	0:00:00,,,,,,,,,,,,,,,,,,,,,,,,,,,,,,,,,,,,,,,,
ALBUQUERQUE BERNALILLO CNTY LIBR	QUE	NM	Public	3	3	0	2	2	0	1	0	0	1:12:00	1:12:00	0:00:00,,,,,,,,,,,,,,,,,,,,,,,,,,,,,,,,,,,,,,,,
ALTADENA LIBR DIST	ALD	CA	Public	1	1	0	1	1	0	0	0	0	0:00:00	0:00:00	0:00:00,,,,,,,,,,,,,,,,,,,,,,,,,,,,,,,,,,,,,,,,
AMES PUB LIBR	UIB	IA	Public	1	1	0	0	0	0	1	0	0	0:00:00	0:00:00	0:00:00,,,,,,,,,,,,,,,,,,,,,,,,,,,,,,,,,,,,,,,,
AMHERST COL	AMH	MA	Academic	2	2	0	1	1	0	0	0	0	1:00:00	1:00:00	0:00:00,,,,,,,,,,,,,,,,,,,,,,,,,,,,,,,,,,,,,,,,
ANDERSON PUB LIBR	IAM	IN	Public	1	1	0	1	1	0	0	0	0	1:00:00	1:00:00	0:00:00,,,,,,,,,,,,,,,,,,,,,,,,,,,,,,,,,,,,,,,,
ANDERSON UNIV	INA	IN	Academic	1	1	0	0	0	0	1	0	0	0:00:00	0:00:00	0:00:00,,,,,,,,,,,,,,,,,,,,,,,,,,,,,,,,,,,,,,,,
ANGELO STATE UNIV	ANG	TX	Academic	1	1	0	0	0	0	1	0	0	0:00:00	0:00:00	0:00:00,,,,,,,,,,,,,,,,,,,,,,,,,,,,,,,,,,,,,,,,
"ANTELOPE VAL COL LIBR	AUV	CA	Junior, Community, Technical Colleges	1	1	0	1	1	0	0	0	0	0:00:00	0:00:00	0:00:00",,,,,,,,,,,,,,,,,,,,,,,,,,,,,,,,,,,,,,,,
APACHE CNTY LIBR DIST	FV6	AZ	Public	1	1	0	0	0	0	1	0	0	0:00:00	0:00:00	0:00:00,,,,,,,,,,,,,,,,,,,,,,,,,,,,,,,,,,,,,,,,
APPALACHIAN STATE UNIV	NJB	NC	Academic	1	1	0	0	0	0	1	0	0	0:00:00	0:00:00	0:00:00,,,,,,,,,,,,,,,,,,,,,,,,,,,,,,,,,,,,,,,,
"ARAPAHOE COMMUN COL	DVZ	CO	Junior, Community, Technical Colleges	1	1	0	0	0	0	1	0	0	0:00:00	0:00:00	0:00:00",,,,,,,,,,,,,,,,,,,,,,,,,,,,,,,,,,,,,,,,
ARAPAHOE LIBR DIST	CO2	CO	Public	3	3	0	1	1	0	2	0	0	6:00:00	6:00:00	0:00:00,,,,,,,,,,,,,,,,,,,,,,,,,,,,,,,,,,,,,,,,
ARCADIA PUB LIBR	CGB	CA	Public	1	1	0	0	0	0	1	0	0	0:00:00	0:00:00	0:00:00,,,,,,,,,,,,,,,,,,,,,,,,,,,,,,,,,,,,,,,,
ARDMORE PUB LIBR	O2C	OK	Public	2	2	0	0	0	0	2	0	0	0:00:00	0:00:00	0:00:00,,,,,,,,,,,,,,,,,,,,,,,,,,,,,,,,,,,,,,,,
ARIZONA CHRISTIAN UNIV LIBR	ZF3	AZ	Academic	1	1	0	0	0	0	1	0	0	0:00:00	0:00:00	0:00:00,,,,,,,,,,,,,,,,,,,,,,,,,,,,,,,,,,,,,,,,
"ARIZONA STATE LIBR, ARCH & PUB RECORDS	AZP	AZ	State Library	1	1	0	0	0	0	1	0	0	0:00:00	0:00:00	0:00:00",,,,,,,,,,,,,,,,,,,,,,,,,,,,,,,,,,,,,,,,
ARKANSAS STATE UNIV BEEBE	AS4	AR	Academic	1	1	0	1	1	0	0	0	0	1:00:00	1:00:00	0:00:00,,,,,,,,,,,,,,,,,,,,,,,,,,,,,,,,,,,,,,,,
ARKANSAS TECH UNIV	AKP	AR	Academic	1	1	0	0	0	0	1	0	0	0:00:00	0:00:00	0:00:00,,,,,,,,,,,,,,,,,,,,,,,,,,,,,,,,,,,,,,,,
"ASHEVILLE-BUNCOMBE TECH COM COLL LIBR	NQB	NC	Junior, Community, Technical Colleges	1	1	0	1	1	0	0	0	0	0:00:00	0:00:00	0:00:00",,,,,,,,,,,,,,,,,,,,,,,,,,,,,,,,,,,,,,,,
ASOTIN CNTY LIBR	XYT	WA	Public	2	2	0	1	1	0	1	0	0	0:00:00	0:00:00	0:00:00,,,,,,,,,,,,,,,,,,,,,,,,,,,,,,,,,,,,,,,,
AUGSBURG UNIV LINDELL LIBR	MNA	MN	Academic	1	1	0	0	0	0	1	0	0	0:00:00	0:00:00	0:00:00,,,,,,,,,,,,,,,,,,,,,,,,,,,,,,,,,,,,,,,,
BALTIMORE CNTY PUB LIBR	B@L	MD	Public	1	1	0	1	1	0	0	0	0	0:00:00	0:00:00	0:00:00,,,,,,,,,,,,,,,,,,,,,,,,,,,,,,,,,,,,,,,,
BANGOR PUB LIBR	BYN	ME	Public	2	2	0	0	0	0	2	0	0	0:00:00	0:00:00	0:00:00,,,,,,,,,,,,,,,,,,,,,,,,,,,,,,,,,,,,,,,,
BARTLESVILLE PUB LIBR	O2H	OK	Public	1	1	0	0	0	0	1	0	0	0:00:00	0:00:00	0:00:00,,,,,,,,,,,,,,,,,,,,,,,,,,,,,,,,,,,,,,,,
BAYLOR UNIV	IYU	TX	Academic	7	7	0	5	5	0	2	0	0	0:19:12	0:19:12	0:00:00,,,,,,,,,,,,,,,,,,,,,,,,,,,,,,,,,,,,,,,,
BELLEVUE COLL	ZY8	WA	Academic	2	2	0	2	2	0	0	0	0	2:12:00	2:12:00	0:00:00,,,,,,,,,,,,,,,,,,,,,,,,,,,,,,,,,,,,,,,,
BELLINGHAM PUB LIBR	BLP	WA	Public	14	14	0	10	10	0	6	0	0	2:00:00	2:00:00	0:00:00,,,,,,,,,,,,,,,,,,,,,,,,,,,,,,,,,,,,,,,,
"BELLINGHAM TECH COL, INFO TECH RES CTR	B2T	WA	Academic	1	1	0	1	1	0	0	0	0	3:00:00	3:00:00	0:00:00",,,,,,,,,,,,,,,,,,,,,,,,,,,,,,,,,,,,,,,,
BELOIT COL LIBR	WII	WI	Academic	1	1	0	0	0	0	1	0	0	0:00:00	0:00:00	0:00:00,,,,,,,,,,,,,,,,,,,,,,,,,,,,,,,,,,,,,,,,
BENICIA PUB LIBR	JUA	CA	Public	1	1	0	1	1	0	0	0	0	1:00:00	1:00:00	0:00:00,,,,,,,,,,,,,,,,,,,,,,,,,,,,,,,,,,,,,,,,
BERRY COL	GBC	GA	Academic	1	1	0	0	0	0	1	0	0	0:00:00	0:00:00	0:00:00,,,,,,,,,,,,,,,,,,,,,,,,,,,,,,,,,,,,,,,,
BETHEL COLL LIBR N NEWTON	KSB	KS	Academic	1	1	0	0	0	0	1	0	0	0:00:00	0:00:00	0:00:00,,,,,,,,,,,,,,,,,,,,,,,,,,,,,,,,,,,,,,,,
BETTENDORF PUB LIBR INFO CTR	LE#	IA	Public	1	1	0	0	0	0	1	0	0	0:00:00	0:00:00	0:00:00,,,,,,,,,,,,,,,,,,,,,,,,,,,,,,,,,,,,,,,,
BICENTENNIAL LIBR OF COLSTRIP	YPK	MT	Public	0	0	0	0	0	0	1	0	0	0:00:00	0:00:00	0:00:00,,,,,,,,,,,,,,,,,,,,,,,,,,,,,,,,,,,,,,,,
BIG HORN CNTY PUB LIBR	YFY	MT	Public	2	2	0	2	2	0	0	0	0	1:12:00	1:12:00	0:00:00,,,,,,,,,,,,,,,,,,,,,,,,,,,,,,,,,,,,,,,,
BLOOMINGDALE PUB LIBR	JOZ	IL	Public	1	1	0	1	1	0	0	0	0	4:00:00	4:00:00	0:00:00,,,,,,,,,,,,,,,,,,,,,,,,,,,,,,,,,,,,,,,,
BLUE RIDGE REG LIBR	VMA	VA	Public	1	1	0	0	0	0	1	0	0	0:00:00	0:00:00	0:00:00,,,,,,,,,,,,,,,,,,,,,,,,,,,,,,,,,,,,,,,,
BOISE PUB LIBR	OEK	ID	Public	6	6	0	6	6	0	0	0	0	1:12:00	1:12:00	0:00:00,,,,,,,,,,,,,,,,,,,,,,,,,,,,,,,,,,,,,,,,
BOULDER CITY LIBR DIST	BCF	NV	Public	1	1	0	1	1	0	0	0	0	5:00:00	5:00:00	0:00:00,,,,,,,,,,,,,,,,,,,,,,,,,,,,,,,,,,,,,,,,
BOULDER COMMUN LIBR	BLQ	MT	Public	1	1	0	1	1	0	0	0	0	0:00:00	0:00:00	0:00:00,,,,,,,,,,,,,,,,,,,,,,,,,,,,,,,,,,,,,,,,
BOUNDARY CNTY DIST LIBR	ZVN	ID	Public	1	1	0	1	1	0	0	0	0	0:00:00	0:00:00	0:00:00,,,,,,,,,,,,,,,,,,,,,,,,,,,,,,,,,,,,,,,,
BOZEMAN PUB LIBR	MZG	MT	Public	1	1	0	0	0	0	1	0	0	0:00:00	0:00:00	0:00:00,,,,,,,,,,,,,,,,,,,,,,,,,,,,,,,,,,,,,,,,
BRAZORIA CNTY LIBR SYST	T7B	TX	Public	1	1	0	1	1	0	0	0	0	5:00:00	5:00:00	0:00:00,,,,,,,,,,,,,,,,,,,,,,,,,,,,,,,,,,,,,,,,
BRIGHAM YOUNG UNIV IDAHO	RIC	ID	Academic	2	2	0	0	0	0	2	0	0	0:00:00	0:00:00	0:00:00,,,,,,,,,,,,,,,,,,,,,,,,,,,,,,,,,,,,,,,,
BROADWATER SCH & COM LIBR	YYK	MT	Public	1	1	0	0	0	0	1	0	0	0:00:00	0:00:00	0:00:00,,,,,,,,,,,,,,,,,,,,,,,,,,,,,,,,,,,,,,,,
BROOKLYN PUB LIBR	BKL	NY	Public	1	1	0	0	0	0	0	0	0	0:00:00	0:00:00	0:00:00,,,,,,,,,,,,,,,,,,,,,,,,,,,,,,,,,,,,,,,,
BUCKS CNTY FREE LIBR	DPB	PA	Public	2	2	0	0	0	0	2	0	0	0:00:00	0:00:00	0:00:00,,,,,,,,,,,,,,,,,,,,,,,,,,,,,,,,,,,,,,,,
BUFFALO & ERIE CNTY PUB LIBR	VHB	NY	Public	2	2	0	0	0	0	2	0	0	0:00:00	0:00:00	0:00:00,,,,,,,,,,,,,,,,,,,,,,,,,,,,,,,,,,,,,,,,
BURBANK PUB LIBR	BUR	CA	Public	1	1	0	0	0	0	1	0	0	0:00:00	0:00:00	0:00:00,,,,,,,,,,,,,,,,,,,,,,,,,,,,,,,,,,,,,,,,
BURLINGTON PUB LIBR	BUP	IA	Public	1	1	0	0	0	0	1	0	0	0:00:00	0:00:00	0:00:00,,,,,,,,,,,,,,,,,,,,,,,,,,,,,,,,,,,,,,,,
BUTLER CNTY COMMUN COL	PBT	PA	Academic	1	1	0	1	1	0	0	0	0	1:00:00	1:00:00	0:00:00,,,,,,,,,,,,,,,,,,,,,,,,,,,,,,,,,,,,,,,,
BUTTE CNTY LIBR	JQI	CA	Public	2	2	0	1	1	0	1	0	0	1:00:00	1:00:00	0:00:00,,,,,,,,,,,,,,,,,,,,,,,,,,,,,,,,,,,,,,,,
BUTTE-SILVER BOW PUB LIBR	MZE	MT	Public	1	1	0	1	1	0	0	0	0	0:00:00	0:00:00	0:00:00,,,,,,,,,,,,,,,,,,,,,,,,,,,,,,,,,,,,,,,,
CAL POLY HUMBOLDT	CHU	CA	Academic	1	1	0	0	0	0	1	0	0	0:00:00	0:00:00	0:00:00,,,,,,,,,,,,,,,,,,,,,,,,,,,,,,,,,,,,,,,,
CALIFORNIA INST OF THE ARTS LIBR	CIA	CA	Academic	1	1	0	0	0	0	1	0	0	0:00:00	0:00:00	0:00:00,,,,,,,,,,,,,,,,,,,,,,,,,,,,,,,,,,,,,,,,
CALIFORNIA STATE LIBR	CAX	CA	State Library	1	1	0	0	0	0	1	0	0	0:00:00	0:00:00	0:00:00,,,,,,,,,,,,,,,,,,,,,,,,,,,,,,,,,,,,,,,,
CALIFORNIA STATE UNIV FULLERTON	CFI	CA	Academic	6	6	0	3	3	0	3	0	0	1:00:00	1:00:00	0:00:00,,,,,,,,,,,,,,,,,,,,,,,,,,,,,,,,,,,,,,,,
CALIFORNIA STATE UNIV NORTHRIDGE	CNO	CA	Academic	3	3	0	2	2	0	1	0	0	0:00:00	0:00:00	0:00:00,,,,,,,,,,,,,,,,,,,,,,,,,,,,,,,,,,,,,,,,
CALIFORNIA STATE UNIV SAN BERNARDINO LI	CSB	CA	Academic	2	2	0	1	1	0	1	0	0	3:00:00	3:00:00	0:00:00,,,,,,,,,,,,,,,,,,,,,,,,,,,,,,,,,,,,,,,,
CALIFORNIA STATE UNIV-LONG BEACH LIBR	CLO	CA	Academic	2	2	0	1	1	0	1	0	0	0:00:00	0:00:00	0:00:00,,,,,,,,,,,,,,,,,,,,,,,,,,,,,,,,,,,,,,,,
CALIFORNIA STATE UNIV-SACRAMENTO LIBR	CSA	CA	Academic	1	1	0	1	1	0	0	0	0	0:00:00	0:00:00	0:00:00,,,,,,,,,,,,,,,,,,,,,,,,,,,,,,,,,,,,,,,,
CAMAS PUB LIBR	Z#6	WA	Public	3	3	0	1	1	0	2	0	0	0:00:00	0:00:00	0:00:00,,,,,,,,,,,,,,,,,,,,,,,,,,,,,,,,,,,,,,,,
CAMPBELL CNTY PUB LIBR	KYC	KY	Public	2	2	0	0	0	0	2	0	0	0:00:00	0:00:00	0:00:00,,,,,,,,,,,,,,,,,,,,,,,,,,,,,,,,,,,,,,,,
CANISIUS COLL LIBR	VKC	NY	Academic	1	1	0	1	1	0	0	0	0	11:00:00	11:00:00	0:00:00,,,,,,,,,,,,,,,,,,,,,,,,,,,,,,,,,,,,,,,,
CARNEGIE PUB LIBR	LVN	NM	Public	2	2	0	0	0	0	2	0	0	0:00:00	0:00:00	0:00:00,,,,,,,,,,,,,,,,,,,,,,,,,,,,,,,,,,,,,,,,
CARNEGIE STOUT PUB LIBR	KAY	IA	Public	2	2	0	0	0	0	2	0	0	0:00:00	0:00:00	0:00:00,,,,,,,,,,,,,,,,,,,,,,,,,,,,,,,,,,,,,,,,
CARSON CITY PUB LIBR	NVX	NV	Public	0	0	0	0	0	0	1	0	0	0:00:00	0:00:00	0:00:00,,,,,,,,,,,,,,,,,,,,,,,,,,,,,,,,,,,,,,,,
CASA GRANDE PUB LIBR	CGPIL	AZ	Public	1	1	0	1	1	0	0	0	0	2:00:00	2:00:00	0:00:00,,,,,,,,,,,,,,,,,,,,,,,,,,,,,,,,,,,,,,,,
CASPER COL LIBR	CWY	WY	Academic	1	1	0	1	1	0	0	0	0	3:00:00	3:00:00	0:00:00,,,,,,,,,,,,,,,,,,,,,,,,,,,,,,,,,,,,,,,,
CASS CNTY PUB LIBR	MQT	MO	Public	2	2	0	0	0	0	2	0	0	0:00:00	0:00:00	0:00:00,,,,,,,,,,,,,,,,,,,,,,,,,,,,,,,,,,,,,,,,
CEDAR PARK PUB LIBR	XZ7	TX	Public	1	1	0	0	0	0	1	0	0	0:00:00	0:00:00	0:00:00,,,,,,,,,,,,,,,,,,,,,,,,,,,,,,,,,,,,,,,,
CEDAR RAPIDS PUB LIBR	IWR	IA	Public	1	1	0	1	1	0	0	0	0	0:00:00	0:00:00	0:00:00,,,,,,,,,,,,,,,,,,,,,,,,,,,,,,,,,,,,,,,,
"CENTRAL ARIZONA COL	ZON	AZ	Junior, Community, Technical Colleges	1	1	0	1	1	0	0	0	0	0:00:00	0:00:00	0:00:00",,,,,,,,,,,,,,,,,,,,,,,,,,,,,,,,,,,,,,,,
CENTRAL ARKANSAS LIBR SYST	AKD	AR	Public	1	1	0	0	0	0	1	0	0	0:00:00	0:00:00	0:00:00,,,,,,,,,,,,,,,,,,,,,,,,,,,,,,,,,,,,,,,,
"CENTRAL NEW MEXICO COMM COL LIBR S	PUV	NM	Junior, Community, Technical Colleges	1	1	0	1	1	0	0	0	0	3:00:00	3:00:00	0:00:00",,,,,,,,,,,,,,,,,,,,,,,,,,,,,,,,,,,,,,,,
CENTRAL OREGON COMMUN COL LIBR	CEO	OR	Academic	5	5	0	4	4	0	1	0	0	0:06:00	0:06:00	0:00:00,,,,,,,,,,,,,,,,,,,,,,,,,,,,,,,,,,,,,,,,
CENTRAL WASHINGTON UNIV LIBR	CWU	WA	Academic	5	5	0	3	3	0	2	0	0	0:00:00	0:00:00	0:00:00,,,,,,,,,,,,,,,,,,,,,,,,,,,,,,,,,,,,,,,,
CERRITOS PUB LIBR	CER	CA	Public	6	6	0	0	0	0	4	0	0	0:00:00	0:00:00	0:00:00,,,,,,,,,,,,,,,,,,,,,,,,,,,,,,,,,,,,,,,,
CHAPMAN UNIV	CCX	CA	Academic	1	1	0	0	0	0	1	0	0	0:00:00	0:00:00	0:00:00,,,,,,,,,,,,,,,,,,,,,,,,,,,,,,,,,,,,,,,,
"CHEMEKETA COMMUN COL	CHK	OR	Junior, Community, Technical Colleges	3	3	0	3	3	0	0	0	0	2:07:55	2:07:55	0:00:00",,,,,,,,,,,,,,,,,,,,,,,,,,,,,,,,,,,,,,,,
CHEMEKETA COOP REG LIBR SERV	CHY	OR	Corporate	15	15	0	3	3	0	17	0	0	5:16:05	5:16:05	0:00:00,,,,,,,,,,,,,,,,,,,,,,,,,,,,,,,,,,,,,,,,
CHESTER CNTY LIBR & DIST CTR	PWC	PA	Public	1	1	0	0	0	0	1	0	0	0:00:00	0:00:00	0:00:00,,,,,,,,,,,,,,,,,,,,,,,,,,,,,,,,,,,,,,,,
CHICAGO PUB LIBR	CGP	IL	Public	2	2	0	2	2	0	1	0	0	1:00:00	1:00:00	0:00:00,,,,,,,,,,,,,,,,,,,,,,,,,,,,,,,,,,,,,,,,
CHICAGO RIDGE PUB LIBR	TS6	IL	Public	1	1	0	0	0	0	1	0	0	0:00:00	0:00:00	0:00:00,,,,,,,,,,,,,,,,,,,,,,,,,,,,,,,,,,,,,,,,
CHOUTEAU CNTY LIBR	YVQ	MT	Public	1	1	0	0	0	0	0	0	0	0:00:00	0:00:00	0:00:00,,,,,,,,,,,,,,,,,,,,,,,,,,,,,,,,,,,,,,,,
CITY OF COOS BAY-ESO	BAY	OR	Public	10	10	0	0	0	0	11	0	0	0:00:00	0:00:00	0:00:00,,,,,,,,,,,,,,,,,,,,,,,,,,,,,,,,,,,,,,,,
CLANCY COMMUN LIBR	CLNCY	MT	Schools Below College Level	1	1	0	0	0	0	1	0	0	0:00:00	0:00:00	0:00:00,,,,,,,,,,,,,,,,,,,,,,,,,,,,,,,,,,,,,,,,
CLATSOP COMMUN COL LIBR	CLK	OR	Academic	1	1	0	1	1	0	0	0	0	0:00:00	0:00:00	0:00:00,,,,,,,,,,,,,,,,,,,,,,,,,,,,,,,,,,,,,,,,
CLAYTON CNTY LIBR SYST	ZGH	GA	Public	2	2	0	0	0	0	0	0	0	0:00:00	0:00:00	0:00:00,,,,,,,,,,,,,,,,,,,,,,,,,,,,,,,,,,,,,,,,
CLOVIS CARVER PUB LIBR	CVC	NM	Public	1	1	0	0	0	0	1	0	0	0:00:00	0:00:00	0:00:00,,,,,,,,,,,,,,,,,,,,,,,,,,,,,,,,,,,,,,,,
COBB CNTY PUB LIBR SYST	ZGJ	GA	Public	2	2	0	2	2	0	0	0	0	5:00:00	5:00:00	0:00:00,,,,,,,,,,,,,,,,,,,,,,,,,,,,,,,,,,,,,,,,
COCHISE CNTY LIBR DIST	BAZ	AZ	Public	1	1	0	1	1	0	0	0	0	1:00:00	1:00:00	0:00:00,,,,,,,,,,,,,,,,,,,,,,,,,,,,,,,,,,,,,,,,
COEUR D'ALENE PUB LIBR	ZVR	ID	Public	10	10	0	8	8	0	2	0	0	0:12:00	0:12:00	0:00:00,,,,,,,,,,,,,,,,,,,,,,,,,,,,,,,,,,,,,,,,
COKER COL	SHC	SC	Academic	1	1	0	0	0	0	1	0	0	0:00:00	0:00:00	0:00:00,,,,,,,,,,,,,,,,,,,,,,,,,,,,,,,,,,,,,,,,
COL OF SOUTHERN NEVADA	NVA	NV	Academic	1	1	0	0	0	0	1	0	0	0:00:00	0:00:00	0:00:00,,,,,,,,,,,,,,,,,,,,,,,,,,,,,,,,,,,,,,,,
COLLEGE FOR CREATIVE STUDIES	EKI	MI	Academic	1	1	0	0	0	0	1	0	0	0:00:00	0:00:00	0:00:00,,,,,,,,,,,,,,,,,,,,,,,,,,,,,,,,,,,,,,,,
"COLLEGE OF LAKE CNTY	JCD	IL	Junior, Community, Technical Colleges	1	1	0	0	0	0	1	0	0	0:00:00	0:00:00	0:00:00",,,,,,,,,,,,,,,,,,,,,,,,,,,,,,,,,,,,,,,,
"COLLEGE OF NEW JERSEY, THE	NJT	NJ	Academic	1	1	0	1	0	1	0	0	0	0:00:00	0:00:00	0:00:00",,,,,,,,,,,,,,,,,,,,,,,,,,,,,,,,,,,,,,,,
COLLEGE OF SOUTHERN IDAHO LIBR	Y#6	ID	Academic	1	1	0	1	1	0	0	0	0	0:00:00	0:00:00	0:00:00,,,,,,,,,,,,,,,,,,,,,,,,,,,,,,,,,,,,,,,,
COLLEGE OF WESTERN IDAHO	IDCWI	ID	Academic	3	3	0	0	0	0	3	0	0	0:00:00	0:00:00	0:00:00,,,,,,,,,,,,,,,,,,,,,,,,,,,,,,,,,,,,,,,,
COLLIER CNTY PUB LIBR	FNO	FL	Public	1	1	0	0	0	0	1	0	0	0:00:00	0:00:00	0:00:00,,,,,,,,,,,,,,,,,,,,,,,,,,,,,,,,,,,,,,,,
COLORADO CHRISTIAN UNIV	FCX	CO	Academic	1	1	0	0	0	0	1	0	0	0:00:00	0:00:00	0:00:00,,,,,,,,,,,,,,,,,,,,,,,,,,,,,,,,,,,,,,,,
COLORADO MESA UNIV	COM	CO	Academic	1	1	0	1	1	0	0	0	0	1:00:00	1:00:00	0:00:00,,,,,,,,,,,,,,,,,,,,,,,,,,,,,,,,,,,,,,,,
COLORADO STATE UNIV FT COLLINS	COF	CO	Academic	1	1	0	1	1	0	0	0	0	4:00:00	4:00:00	0:00:00,,,,,,,,,,,,,,,,,,,,,,,,,,,,,,,,,,,,,,,,
COLUMBIA CNTY RURAL LIBR	WACCR	WA	Public	2	2	0	1	1	0	1	0	0	0:00:00	0:00:00	0:00:00,,,,,,,,,,,,,,,,,,,,,,,,,,,,,,,,,,,,,,,,
COLUMBIA COLL CHICAGO LIBR	IBZ	IL	Academic	1	1	0	0	0	0	1	0	0	0:00:00	0:00:00	0:00:00,,,,,,,,,,,,,,,,,,,,,,,,,,,,,,,,,,,,,,,,
"COLUMBIA GORGE COMMUN COL LIBR	GHZ	OR	Junior, Community, Technical Colleges	2	2	0	2	2	0	1	0	0	2:00:00	2:00:00	0:00:00",,,,,,,,,,,,,,,,,,,,,,,,,,,,,,,,,,,,,,,,
COLUMBUS METROP LIBR	OCO	OH	Public	2	2	0	2	2	0	0	0	0	3:00:00	3:00:00	0:00:00,,,,,,,,,,,,,,,,,,,,,,,,,,,,,,,,,,,,,,,,
COLUSA CNTY FREE LIBR	CUP	CA	Public	1	1	0	0	0	0	1	0	0	0:00:00	0:00:00	0:00:00,,,,,,,,,,,,,,,,,,,,,,,,,,,,,,,,,,,,,,,,
COMMUNITY COLLEGES OF SPOKANE	BV1	WA	Academic	6	6	0	2	2	0	4	0	0	1:12:00	1:12:00	0:00:00,,,,,,,,,,,,,,,,,,,,,,,,,,,,,,,,,,,,,,,,
COMMUNITY LIBR NETWORK	K#T	ID	Public	12	12	0	5	5	0	6	0	0	0:04:48	0:04:48	0:00:00,,,,,,,,,,,,,,,,,,,,,,,,,,,,,,,,,,,,,,,,
COMMUNITY LIBR NETWORK@POST FALLS	P9F	ID	Public	8	8	0	5	5	0	3	0	0	0:09:36	0:09:36	0:00:00,,,,,,,,,,,,,,,,,,,,,,,,,,,,,,,,,,,,,,,,
"COMMUNITY LIBR, THE	Y$5	ID	Public	2	2	0	0	0	0	2	0	0	0:00:00	0:00:00	0:00:00",,,,,,,,,,,,,,,,,,,,,,,,,,,,,,,,,,,,,,,,
CONCORDIA COLL MOORHEAD	CKK	MN	Academic	4	4	0	2	2	0	2	0	0	1:00:00	1:00:00	0:00:00,,,,,,,,,,,,,,,,,,,,,,,,,,,,,,,,,,,,,,,,
CONCORDIA THEOG SEMINARY LIBR	ITC	IN	Academic	3	3	0	2	2	0	1	0	0	2:12:00	2:12:00	0:00:00,,,,,,,,,,,,,,,,,,,,,,,,,,,,,,,,,,,,,,,,
CONCORDIA UNIV CHICAGO	ICE	IL	Academic	1	1	0	1	1	0	0	0	0	1:00:00	1:00:00	0:00:00,,,,,,,,,,,,,,,,,,,,,,,,,,,,,,,,,,,,,,,,
CONCORDIA UNIV SAINT PAUL	MNC	MN	Academic	1	1	0	0	0	0	1	0	0	0:00:00	0:00:00	0:00:00,,,,,,,,,,,,,,,,,,,,,,,,,,,,,,,,,,,,,,,,
CONNECTICUT COL	CTL	CT	Academic	1	1	0	1	1	0	0	0	0	1:00:00	1:00:00	0:00:00,,,,,,,,,,,,,,,,,,,,,,,,,,,,,,,,,,,,,,,,
CONRAD PUB LIBR	YUX	MT	Public	1	1	0	1	1	0	0	0	0	2:00:00	2:00:00	0:00:00,,,,,,,,,,,,,,,,,,,,,,,,,,,,,,,,,,,,,,,,
COOK MEM PUB LIBR DIST	JBI	IL	Public	1	1	0	1	1	0	0	0	0	2:00:00	2:00:00	0:00:00,,,,,,,,,,,,,,,,,,,,,,,,,,,,,,,,,,,,,,,,
CORBAN UNIV LIBR	OOY	OR	Academic	7	7	1	5	5	0	1	0	0	2:14:24	2:14:24	0:00:00,,,,,,,,,,,,,,,,,,,,,,,,,,,,,,,,,,,,,,,,
CORONADO PUB LIBR	CNP	CA	Public	1	1	0	0	0	0	1	0	0	0:00:00	0:00:00	0:00:00,,,,,,,,,,,,,,,,,,,,,,,,,,,,,,,,,,,,,,,,
COUNCIL BLUFFS PUB LIBR	IWB	IA	Public	1	1	0	1	1	0	0	0	0	1:00:00	1:00:00	0:00:00,,,,,,,,,,,,,,,,,,,,,,,,,,,,,,,,,,,,,,,,
COUNTY OF LOS ANGELES PUB LIBR	JQW	CA	Public	4	4	0	0	0	0	4	0	0	0:00:00	0:00:00	0:00:00,,,,,,,,,,,,,,,,,,,,,,,,,,,,,,,,,,,,,,,,
CROOK CNTY LIBR	CCLIB	OR	Public	1	1	0	0	0	0	1	0	0	0:00:00	0:00:00	0:00:00,,,,,,,,,,,,,,,,,,,,,,,,,,,,,,,,,,,,,,,,
CROWELL PUB LIBR CITY OF SAN MARINO	CGG	CA	Public	1	1	0	0	0	0	0	0	0	0:00:00	0:00:00	0:00:00,,,,,,,,,,,,,,,,,,,,,,,,,,,,,,,,,,,,,,,,
CUMBERLAND CNTY PUB LIBR & INFO CTR	HQB	NC	Public	1	1	0	0	0	0	1	0	0	0:00:00	0:00:00	0:00:00,,,,,,,,,,,,,,,,,,,,,,,,,,,,,,,,,,,,,,,,
CUNY BROOKLYN COLL LIBR	VDB	NY	Academic	1	1	0	1	1	0	0	0	0	1:00:00	1:00:00	0:00:00,,,,,,,,,,,,,,,,,,,,,,,,,,,,,,,,,,,,,,,,
CUNY COLL OF STATEN ISLAND LIBR	VSI	NY	Academic	1	1	0	0	0	0	1	0	0	0:00:00	0:00:00	0:00:00,,,,,,,,,,,,,,,,,,,,,,,,,,,,,,,,,,,,,,,,
DAEMEN UNIV LIBR	VVH	NY	Academic	1	1	0	0	0	0	1	0	0	0:00:00	0:00:00	0:00:00,,,,,,,,,,,,,,,,,,,,,,,,,,,,,,,,,,,,,,,,
DALLAS COLL	TDJ	TX	Academic	1	1	0	0	0	0	1	0	0	0:00:00	0:00:00	0:00:00,,,,,,,,,,,,,,,,,,,,,,,,,,,,,,,,,,,,,,,,
DALLAS PUB LIBR	IGA	TX	Public	18	18	0	2	2	0	16	0	0	3:00:00	3:00:00	0:00:00,,,,,,,,,,,,,,,,,,,,,,,,,,,,,,,,,,,,,,,,
DANVILLE PUB LIBR	JPI	IL	Public	1	1	0	0	0	0	1	0	0	0:00:00	0:00:00	0:00:00,,,,,,,,,,,,,,,,,,,,,,,,,,,,,,,,,,,,,,,,
DAUGHERTY PUB LIBR DIST	JN9	IL	Public	1	1	0	0	0	0	1	0	0	0:00:00	0:00:00	0:00:00,,,,,,,,,,,,,,,,,,,,,,,,,,,,,,,,,,,,,,,,
DAUPHIN CNTY LIBR SYST	HBP	PA	Public	1	1	0	1	1	0	0	0	0	1:00:00	1:00:00	0:00:00,,,,,,,,,,,,,,,,,,,,,,,,,,,,,,,,,,,,,,,,
DAYTON METRO LIBR	DMM	OH	Public	1	1	0	0	0	0	1	0	0	0:00:00	0:00:00	0:00:00,,,,,,,,,,,,,,,,,,,,,,,,,,,,,,,,,,,,,,,,
DELAWARE CNTY LIBR SYST	DEL	PA	Public	1	1	0	1	1	0	0	0	0	2:00:00	2:00:00	0:00:00,,,,,,,,,,,,,,,,,,,,,,,,,,,,,,,,,,,,,,,,
DENVER PUB LIBR	DPL	CO	Public	0	0	0	1	1	0	0	0	0	6:00:00	6:00:00	0:00:00,,,,,,,,,,,,,,,,,,,,,,,,,,,,,,,,,,,,,,,,
DEPAUL UNIV	IAC	IL	Academic	2	2	0	1	1	0	1	0	0	0:00:00	0:00:00	0:00:00,,,,,,,,,,,,,,,,,,,,,,,,,,,,,,,,,,,,,,,,
DES PLAINES PUB LIBR	GK8	IL	Public	1	1	0	1	1	0	0	0	0	1:00:00	1:00:00	0:00:00,,,,,,,,,,,,,,,,,,,,,,,,,,,,,,,,,,,,,,,,
DESCHUTES PUB LIBR	DCH	OR	Public	15	15	0	5	5	0	10	0	0	0:00:00	0:00:00	0:00:00,,,,,,,,,,,,,,,,,,,,,,,,,,,,,,,,,,,,,,,,
DOUGLAS CNTY LIBR	NVQ	NV	Public	3	3	0	3	3	0	0	0	0	2:00:00	2:00:00	0:00:00,,,,,,,,,,,,,,,,,,,,,,,,,,,,,,,,,,,,,,,,
DOWNERS GROVE PUB LIBR	JCX	IL	Public	1	1	0	1	1	0	0	0	0	3:00:00	3:00:00	0:00:00,,,,,,,,,,,,,,,,,,,,,,,,,,,,,,,,,,,,,,,,
DUNCAN PUB LIBR	O2O	OK	Public	1	1	0	1	1	0	0	0	0	0:00:00	0:00:00	0:00:00,,,,,,,,,,,,,,,,,,,,,,,,,,,,,,,,,,,,,,,,
DUNKLIN CNTY LIBR	MJ5	MO	Public	1	1	0	0	0	0	1	0	0	0:00:00	0:00:00	0:00:00,,,,,,,,,,,,,,,,,,,,,,,,,,,,,,,,,,,,,,,,
DUQUESNE UNIV	DUQ	PA	Academic	1	1	0	1	1	0	0	0	0	1:00:00	1:00:00	0:00:00,,,,,,,,,,,,,,,,,,,,,,,,,,,,,,,,,,,,,,,,
DURANGO PUB LIBR	RMW	CO	Public	2	2	0	2	2	0	0	0	0	0:12:00	0:12:00	0:00:00,,,,,,,,,,,,,,,,,,,,,,,,,,,,,,,,,,,,,,,,
EAST BONNER CNTY LIBR	E4B	ID	Public	3	3	0	0	0	0	3	0	0	0:00:00	0:00:00	0:00:00,,,,,,,,,,,,,,,,,,,,,,,,,,,,,,,,,,,,,,,,
EAST CAROLINA UNIV	ERE	NC	Academic	1	1	0	0	0	0	1	0	0	0:00:00	0:00:00	0:00:00,,,,,,,,,,,,,,,,,,,,,,,,,,,,,,,,,,,,,,,,
EAST TENNESSEE STATE UNIV	TET	TN	Academic	1	1	0	0	0	0	1	0	0	0:00:00	0:00:00	0:00:00,,,,,,,,,,,,,,,,,,,,,,,,,,,,,,,,,,,,,,,,
EASTERN ILLINOIS UNIV	IAD	IL	Academic	1	1	0	1	1	0	0	0	0	1:00:00	1:00:00	0:00:00,,,,,,,,,,,,,,,,,,,,,,,,,,,,,,,,,,,,,,,,
EASTERN MICHIGAN UNIV LIBR	EYE	MI	Academic	0	0	0	1	1	0	0	0	0	5:00:00	5:00:00	0:00:00,,,,,,,,,,,,,,,,,,,,,,,,,,,,,,,,,,,,,,,,
EASTERN NEW MEXICO UNIV MAIN CAM	IPU	NM	Academic	1	1	0	0	0	0	1	0	0	0:00:00	0:00:00	0:00:00,,,,,,,,,,,,,,,,,,,,,,,,,,,,,,,,,,,,,,,,
EASTERN OREGON UNIV LIBR	EOS	OR	Academic	5	5	0	6	6	0	0	0	0	1:07:55	1:07:55	0:00:00,,,,,,,,,,,,,,,,,,,,,,,,,,,,,,,,,,,,,,,,
EASTERN WASHINGTON UNIV	WEA	WA	Academic	14	14	0	13	13	0	1	0	0	0:01:55	0:01:55	0:00:00,,,,,,,,,,,,,,,,,,,,,,,,,,,,,,,,,,,,,,,,
EDMONDS COMMUN COL LIBR	Z24	WA	Academic	1	1	0	1	1	0	0	0	0	0:00:00	0:00:00	0:00:00,,,,,,,,,,,,,,,,,,,,,,,,,,,,,,,,,,,,,,,,
"EL PASO COMMUN COL	TXE	TX	Junior, Community, Technical Colleges	2	2	0	0	0	0	3	0	0	0:00:00	0:00:00	0:00:00",,,,,,,,,,,,,,,,,,,,,,,,,,,,,,,,,,,,,,,,
EMMAUS BIBLE COL LIBR	E9B	IA	Academic	0	0	0	1	1	0	0	0	0	3:00:00	3:00:00	0:00:00,,,,,,,,,,,,,,,,,,,,,,,,,,,,,,,,,,,,,,,,
ENOCH PRATT FREE LIBR	MDB	MD	Public	1	1	0	1	1	0	0	0	0	1:00:00	1:00:00	0:00:00,,,,,,,,,,,,,,,,,,,,,,,,,,,,,,,,,,,,,,,,
ERSKINE COL & THEOL SEMINARY	SO4	SC	Theological	0	0	0	0	0	0	1	0	0	0:00:00	0:00:00	0:00:00,,,,,,,,,,,,,,,,,,,,,,,,,,,,,,,,,,,,,,,,
EVANGEL UNIV LIBR	MOE	MO	Academic	1	1	0	0	0	0	1	0	0	0:00:00	0:00:00	0:00:00,,,,,,,,,,,,,,,,,,,,,,,,,,,,,,,,,,,,,,,,
EVANSTON PUB LIBR	IHE	IL	Public	1	1	0	0	0	0	1	0	0	0:00:00	0:00:00	0:00:00,,,,,,,,,,,,,,,,,,,,,,,,,,,,,,,,,,,,,,,,
EVANSVILLE VANDERBURGH PUB LIBR	IEP	IN	Public	2	2	0	1	1	0	1	0	0	0:00:00	0:00:00	0:00:00,,,,,,,,,,,,,,,,,,,,,,,,,,,,,,,,,,,,,,,,
EVERETT PUB LIBR	UAI	WA	Public	6	6	0	5	5	0	1	0	0	0:00:00	0:00:00	0:00:00,,,,,,,,,,,,,,,,,,,,,,,,,,,,,,,,,,,,,,,,
FAIRLEIGH DICKINSON UNIV METROP CAM	FDU	NJ	Academic	1	1	0	0	0	0	1	0	0	0:00:00	0:00:00	0:00:00,,,,,,,,,,,,,,,,,,,,,,,,,,,,,,,,,,,,,,,,
FAYETTEVILLE PUB LIBR	FAYTV	AR	Public	1	1	0	0	0	0	1	0	0	0:00:00	0:00:00	0:00:00,,,,,,,,,,,,,,,,,,,,,,,,,,,,,,,,,,,,,,,,
FIVE COLL REPOSITORY	MAFCI	MA	Academic	1	1	0	0	0	0	1	0	0	0:00:00	0:00:00	0:00:00,,,,,,,,,,,,,,,,,,,,,,,,,,,,,,,,,,,,,,,,
FLAGLER COLL ST AUGUSTINE	FFC	FL	Academic	2	2	0	1	1	0	2	0	0	2:00:00	2:00:00	0:00:00,,,,,,,,,,,,,,,,,,,,,,,,,,,,,,,,,,,,,,,,
"FLAGSTAFF CITY, COCONINO CNTY LIBR	AZH	AZ	Public	2	2	0	0	0	0	3	0	0	0:00:00	0:00:00	0:00:00",,,,,,,,,,,,,,,,,,,,,,,,,,,,,,,,,,,,,,,,
FORDHAM UNIV	VYF	NY	Academic	1	1	0	1	1	0	0	0	0	0:00:00	0:00:00	0:00:00,,,,,,,,,,,,,,,,,,,,,,,,,,,,,,,,,,,,,,,,
FORSYTH CNTY PUB LIBR	UZZ	NC	Public	0	0	0	0	0	0	1	0	0	0:00:00	0:00:00	0:00:00,,,,,,,,,,,,,,,,,,,,,,,,,,,,,,,,,,,,,,,,
FORT BEND CNTY LIBRS	FTX	TX	Public	3	3	0	0	0	0	3	0	0	0:00:00	0:00:00	0:00:00,,,,,,,,,,,,,,,,,,,,,,,,,,,,,,,,,,,,,,,,
FORT VANCOUVER REG LIBR	YEP	WA	Public	16	16	0	6	6	0	9	0	0	4:19:55	4:19:55	0:00:00,,,,,,,,,,,,,,,,,,,,,,,,,,,,,,,,,,,,,,,,
FORT WORTH PUB LIBR	IFA	TX	Public	1	1	0	0	0	0	1	0	0	0:00:00	0:00:00	0:00:00,,,,,,,,,,,,,,,,,,,,,,,,,,,,,,,,,,,,,,,,
"FOUNTAINDALE PUB LIBR DIST, BOLINGBROOK	OJ4	IL	Public	2	2	0	1	1	0	1	0	0	1:00:00	1:00:00	0:00:00",,,,,,,,,,,,,,,,,,,,,,,,,,,,,,,,,,,,,,,,
FRANKLIN PARK PUB LIBR DIST	JZD	IL	Public	1	1	0	1	1	0	0	0	0	0:00:00	0:00:00	0:00:00,,,,,,,,,,,,,,,,,,,,,,,,,,,,,,,,,,,,,,,,
FREEPORT MEM HOSP MEDL LIBR	IF4	IL	Corporate	1	1	0	0	0	0	1	0	0	0:00:00	0:00:00	0:00:00,,,,,,,,,,,,,,,,,,,,,,,,,,,,,,,,,,,,,,,,
FULLERTON PUB LIBR	FUP	CA	Public	1	1	0	0	0	0	1	0	0	0:00:00	0:00:00	0:00:00,,,,,,,,,,,,,,,,,,,,,,,,,,,,,,,,,,,,,,,,
FURMAN UNIV	SFU	SC	Academic	2	2	0	1	1	0	1	0	0	0:00:00	0:00:00	0:00:00,,,,,,,,,,,,,,,,,,,,,,,,,,,,,,,,,,,,,,,,
GAIL BORDEN PUB LIBR DIST	IF9	IL	Public	4	4	0	1	1	0	3	0	0	0:00:00	0:00:00	0:00:00,,,,,,,,,,,,,,,,,,,,,,,,,,,,,,,,,,,,,,,,
GATESVILLE PUB LIBR	G4Z	TX	Public	1	1	0	1	1	0	0	0	0	2:00:00	2:00:00	0:00:00,,,,,,,,,,,,,,,,,,,,,,,,,,,,,,,,,,,,,,,,
GEORGIA SOUTHERN UNIV	GPM	GA	Academic	1	1	0	1	1	0	0	0	0	0:00:00	0:00:00	0:00:00,,,,,,,,,,,,,,,,,,,,,,,,,,,,,,,,,,,,,,,,
GEORGIAN COURT UNIV	GGN	NJ	Academic	1	1	0	1	1	0	0	0	0	0:00:00	0:00:00	0:00:00,,,,,,,,,,,,,,,,,,,,,,,,,,,,,,,,,,,,,,,,
GLASGOW CITY-CNTY LIBR	YMW	MT	Public	1	1	0	1	1	0	0	0	0	0:00:00	0:00:00	0:00:00,,,,,,,,,,,,,,,,,,,,,,,,,,,,,,,,,,,,,,,,
GLEN CARBON CENT LIBR	YW6	IL	Public	1	1	0	0	0	0	1	0	0	0:00:00	0:00:00	0:00:00,,,,,,,,,,,,,,,,,,,,,,,,,,,,,,,,,,,,,,,,
GLENDALE PUB LIBR	VTL	AZ	Public	3	3	0	3	3	0	1	0	0	2:16:05	2:16:05	0:00:00,,,,,,,,,,,,,,,,,,,,,,,,,,,,,,,,,,,,,,,,
"GOLDEN GATE UNIV, GEN LIBR	GGY	CA	Academic	1	1	0	0	0	0	1	0	0	0:00:00	0:00:00	0:00:00",,,,,,,,,,,,,,,,,,,,,,,,,,,,,,,,,,,,,,,,
GONZAGA UNIV	WUG	WA	Academic	1	1	0	0	0	0	1	0	0	0:00:00	0:00:00	0:00:00,,,,,,,,,,,,,,,,,,,,,,,,,,,,,,,,,,,,,,,,
GOODING PUB LIBR	Y#9	ID	Public	1	1	0	0	0	0	0	0	0	0:00:00	0:00:00	0:00:00,,,,,,,,,,,,,,,,,,,,,,,,,,,,,,,,,,,,,,,,
GORDON-CONWELL THEOL SEMINARY	BCT	MA	Theological	0	0	0	0	0	0	1	0	0	0:00:00	0:00:00	0:00:00,,,,,,,,,,,,,,,,,,,,,,,,,,,,,,,,,,,,,,,,
GREAT RIVER REG LIBR	GRR	MN	Public	2	2	0	1	1	0	2	0	0	5:00:00	5:00:00	0:00:00,,,,,,,,,,,,,,,,,,,,,,,,,,,,,,,,,,,,,,,,
GREEN RIVER COLL	G9N	WA	Academic	2	2	0	2	2	0	0	0	0	1:12:00	1:12:00	0:00:00,,,,,,,,,,,,,,,,,,,,,,,,,,,,,,,,,,,,,,,,
GREENE CNTY PUB LIBR	GRC	OH	Public	1	1	0	1	1	0	0	0	0	1:00:00	1:00:00	0:00:00,,,,,,,,,,,,,,,,,,,,,,,,,,,,,,,,,,,,,,,,
GUSTAVUS ADOLPHUS COL	MNG	MN	Academic	1	1	0	1	1	0	0	0	0	1:00:00	1:00:00	0:00:00,,,,,,,,,,,,,,,,,,,,,,,,,,,,,,,,,,,,,,,,
HAILEY PUB LIBR	H$Y	ID	Public	1	1	0	1	1	0	0	0	0	0:00:00	0:00:00	0:00:00,,,,,,,,,,,,,,,,,,,,,,,,,,,,,,,,,,,,,,,,
HAMILTON COL LIBR	YHM	NY	Academic	1	1	0	0	0	0	1	0	0	0:00:00	0:00:00	0:00:00,,,,,,,,,,,,,,,,,,,,,,,,,,,,,,,,,,,,,,,,
HANSEN COMMUN LIBR	HANCL	ID	Public	1	1	0	0	0	0	2	0	0	0:00:00	0:00:00	0:00:00,,,,,,,,,,,,,,,,,,,,,,,,,,,,,,,,,,,,,,,,
HARRIS CNTY PUB LIBR	HT#	TX	Public	1	1	0	1	1	0	0	0	0	6:00:00	6:00:00	0:00:00,,,,,,,,,,,,,,,,,,,,,,,,,,,,,,,,,,,,,,,,
HAVERFORD COL	HVC	PA	Academic	1	1	0	1	1	0	0	0	0	1:00:00	1:00:00	0:00:00,,,,,,,,,,,,,,,,,,,,,,,,,,,,,,,,,,,,,,,,
HEARST FREE LIBR	YZR	MT	Public	1	1	0	1	1	0	0	0	0	1:00:00	1:00:00	0:00:00,,,,,,,,,,,,,,,,,,,,,,,,,,,,,,,,,,,,,,,,
HEBREW UNION COL	HUC	OH	Academic	3	3	0	0	0	0	3	0	0	0:00:00	0:00:00	0:00:00,,,,,,,,,,,,,,,,,,,,,,,,,,,,,,,,,,,,,,,,
"HELENA COLL UNIV OF MONTANA	YXV	MT	Junior, Community, Technical Colleges	1	1	0	1	1	0	0	0	0	0:00:00	0:00:00	0:00:00",,,,,,,,,,,,,,,,,,,,,,,,,,,,,,,,,,,,,,,,
HENDERSON CNTY PUB LIBR DIST	KG6	KY	Public	1	1	0	1	1	0	1	0	0	5:00:00	5:00:00	0:00:00,,,,,,,,,,,,,,,,,,,,,,,,,,,,,,,,,,,,,,,,
HENDERSON DIST PUB LIBR	H4N	NV	Public	2	2	0	1	1	0	1	0	0	0:00:00	0:00:00	0:00:00,,,,,,,,,,,,,,,,,,,,,,,,,,,,,,,,,,,,,,,,
HENDERSON STATE UNIV	AKH	AR	Academic	1	1	0	1	1	0	1	0	0	1:00:00	1:00:00	0:00:00,,,,,,,,,,,,,,,,,,,,,,,,,,,,,,,,,,,,,,,,
HENNEPIN CNTY LIBR	HCO	MN	Public	2	2	0	0	0	0	1	0	0	0:00:00	0:00:00	0:00:00,,,,,,,,,,,,,,,,,,,,,,,,,,,,,,,,,,,,,,,,
HIGH PLAINS LIBR DIST	SO$	CO	Public	4	4	0	2	2	0	2	0	0	1:00:00	1:00:00	0:00:00,,,,,,,,,,,,,,,,,,,,,,,,,,,,,,,,,,,,,,,,
"HIGH POINT UNIV, SMITH LIBR	NHI	NC	Academic	1	1	0	1	1	0	0	0	0	3:00:00	3:00:00	0:00:00",,,,,,,,,,,,,,,,,,,,,,,,,,,,,,,,,,,,,,,,
HOBBS PUB LIBR	HOB	NM	Public	1	1	0	1	1	0	2	0	0	12:00:00	12:00:00	0:00:00,,,,,,,,,,,,,,,,,,,,,,,,,,,,,,,,,,,,,,,,
HOOD COL	HCF	MD	Academic	1	1	0	0	0	0	1	0	0	0:00:00	0:00:00	0:00:00,,,,,,,,,,,,,,,,,,,,,,,,,,,,,,,,,,,,,,,,
"HORRY-GEORGETOWN TECH COL LIBR	ZJW	SC	Junior, Community, Technical Colleges	1	1	0	1	1	0	0	0	0	4:00:00	4:00:00	0:00:00",,,,,,,,,,,,,,,,,,,,,,,,,,,,,,,,,,,,,,,,
HOT SPRINGS CNTY LIBR	W$G	WY	Public	1	1	0	1	1	0	0	0	0	0:00:00	0:00:00	0:00:00,,,,,,,,,,,,,,,,,,,,,,,,,,,,,,,,,,,,,,,,
HOUSTON PUB LIBR	TXN	TX	Public	8	8	0	2	2	0	6	0	0	2:12:00	2:12:00	0:00:00,,,,,,,,,,,,,,,,,,,,,,,,,,,,,,,,,,,,,,,,
HOWARD CNTY LIBR	HWARD	TX	Public	1	1	0	0	0	0	1	0	0	0:00:00	0:00:00	0:00:00,,,,,,,,,,,,,,,,,,,,,,,,,,,,,,,,,,,,,,,,
HUMBOLDT CNTY LIBR	EHU	CA	Public	1	1	0	0	0	0	0	0	0	0:00:00	0:00:00	0:00:00,,,,,,,,,,,,,,,,,,,,,,,,,,,,,,,,,,,,,,,,
HUNTINGTON UNIV	IHH	IN	Academic	1	1	0	0	0	0	1	0	0	0:00:00	0:00:00	0:00:00,,,,,,,,,,,,,,,,,,,,,,,,,,,,,,,,,,,,,,,,
HUNTSVILLE MADISON CNTY PUB LIBR	MWD	AL	Public	1	1	1	0	0	0	2	0	0	0:00:00	0:00:00	0:00:00,,,,,,,,,,,,,,,,,,,,,,,,,,,,,,,,,,,,,,,,
IDAHO FALLS PUB LIBR	I4F	ID	Public	8	8	0	0	0	0	8	0	0	0:00:00	0:00:00	0:00:00,,,,,,,,,,,,,,,,,,,,,,,,,,,,,,,,,,,,,,,,
IDAHO STATE UNIV LIBR	ONB	ID	Academic	3	3	0	3	2	1	1	0	0	1:00:00	1:00:00	1:00:00,,,,,,,,,,,,,,,,,,,,,,,,,,,,,,,,,,,,,,,,
IMAGINEIF LIBRS FLATHEAD CNTY	MZC	MT	Public	3	3	0	2	2	0	1	0	0	0:00:00	0:00:00	0:00:00,,,,,,,,,,,,,,,,,,,,,,,,,,,,,,,,,,,,,,,,
"INDIANA INST OF TECH, MCMILLEN LIBR	IMX	IN	Academic	1	1	0	0	0	0	1	0	0	0:00:00	0:00:00	0:00:00",,,,,,,,,,,,,,,,,,,,,,,,,,,,,,,,,,,,,,,,
INDIANA STATE LIBR	ISL	IN	State Library	1	1	0	1	0	1	0	0	0	0:00:00	0:00:00	0:00:00,,,,,,,,,,,,,,,,,,,,,,,,,,,,,,,,,,,,,,,,
INDIANA UNIV E CAM LIBR	IE0	IN	Academic	1	1	0	0	0	0	1	0	0	0:00:00	0:00:00	0:00:00,,,,,,,,,,,,,,,,,,,,,,,,,,,,,,,,,,,,,,,,
INDIANA UNIV OF PENNSYLVANIA MAIN CAM	PZI	PA	Academic	0	0	0	0	0	0	1	0	0	0:00:00	0:00:00	0:00:00,,,,,,,,,,,,,,,,,,,,,,,,,,,,,,,,,,,,,,,,
INDIANA UNIV SOUTHEAST	XUN	IN	Academic	1	1	0	1	1	0	0	0	0	0:00:00	0:00:00	0:00:00,,,,,,,,,,,,,,,,,,,,,,,,,,,,,,,,,,,,,,,,
INDIANAPOLIS PUB LIBR	IMD	IN	Public	1	1	0	0	0	0	1	0	0	0:00:00	0:00:00	0:00:00,,,,,,,,,,,,,,,,,,,,,,,,,,,,,,,,,,,,,,,,
IRVING PUB LIBR SYST	IJC	TX	Public	1	1	0	1	1	0	0	0	0	1:00:00	1:00:00	0:00:00,,,,,,,,,,,,,,,,,,,,,,,,,,,,,,,,,,,,,,,,
IVY TECH COMMUN COL EVANSVILLE	XXWEV	IN	Academic	1	1	0	1	1	0	0	0	0	0:00:00	0:00:00	0:00:00,,,,,,,,,,,,,,,,,,,,,,,,,,,,,,,,,,,,,,,,
JACKSON CNTY LIBR SVC	JCL	OR	Public	42	42	0	11	11	0	32	0	0	3:17:31	3:17:31	0:00:00,,,,,,,,,,,,,,,,,,,,,,,,,,,,,,,,,,,,,,,,
JACKSONVILLE PUB LIBR	JPL	FL	Public	1	1	0	0	0	0	1	0	0	0:00:00	0:00:00	0:00:00,,,,,,,,,,,,,,,,,,,,,,,,,,,,,,,,,,,,,,,,
JEFFERSON CNTY PUB LIBR	QQ3	CO	Public	1	1	0	1	1	0	0	0	0	4:00:00	4:00:00	0:00:00,,,,,,,,,,,,,,,,,,,,,,,,,,,,,,,,,,,,,,,,
JEFFERSON PARISH LIBR	LMJ	LA	Public	1	1	0	1	1	0	0	0	0	1:00:00	1:00:00	0:00:00,,,,,,,,,,,,,,,,,,,,,,,,,,,,,,,,,,,,,,,,
JEROME PUB LIBR	J@R	ID	Public	2	2	0	0	0	0	2	0	0	0:00:00	0:00:00	0:00:00,,,,,,,,,,,,,,,,,,,,,,,,,,,,,,,,,,,,,,,,
JESSAMINE CNTY PUB LIBR	KP9	KY	Public	1	1	0	0	0	0	1	0	0	0:00:00	0:00:00	0:00:00,,,,,,,,,,,,,,,,,,,,,,,,,,,,,,,,,,,,,,,,
JOHN CARROLL UNIV	JCU	OH	Academic	1	1	0	1	1	0	0	0	0	1:00:00	1:00:00	0:00:00,,,,,,,,,,,,,,,,,,,,,,,,,,,,,,,,,,,,,,,,
JOHN JAY COL OF CRIMINAL JUSTICE LIBR	VVJ	NY	Law Libraries	2	2	0	1	1	0	1	0	0	0:00:00	0:00:00	0:00:00,,,,,,,,,,,,,,,,,,,,,,,,,,,,,,,,,,,,,,,,
JOHNSON CNTY LIBR	KNJ	KS	Public	2	2	0	0	0	0	2	0	0	0:00:00	0:00:00	0:00:00,,,,,,,,,,,,,,,,,,,,,,,,,,,,,,,,,,,,,,,,
JOHNSON CNTY PUB LIBR	IFJ	IN	Public	2	2	0	0	0	0	2	0	0	0:00:00	0:00:00	0:00:00,,,,,,,,,,,,,,,,,,,,,,,,,,,,,,,,,,,,,,,,
JOINT BASE LEWIS-MCCHORD LIBRARY SYSTEM	AVW	WA	Federal/Natl Government	3	3	0	3	3	0	2	0	0	1:16:05	1:16:05	0:00:00,,,,,,,,,,,,,,,,,,,,,,,,,,,,,,,,,,,,,,,,
JOLIET PUB LIBR	J9L	MT	Public	1	1	0	1	1	0	0	0	0	1:00:00	1:00:00	0:00:00,,,,,,,,,,,,,,,,,,,,,,,,,,,,,,,,,,,,,,,,
JOPLIN PUB LIBR	MQY	MO	Public	1	1	0	0	0	0	1	0	0	0:00:00	0:00:00	0:00:00,,,,,,,,,,,,,,,,,,,,,,,,,,,,,,,,,,,,,,,,
JUDITH BASIN CNTY FREE LIBR	YVV	MT	Public	2	2	0	2	2	0	0	0	0	2:12:00	2:12:00	0:00:00,,,,,,,,,,,,,,,,,,,,,,,,,,,,,,,,,,,,,,,,
K.O. LEE ABERDEEN PUB LIBRARY.	AML	SD	Public	3	3	0	3	3	0	0	0	0	1:16:05	1:16:05	0:00:00,,,,,,,,,,,,,,,,,,,,,,,,,,,,,,,,,,,,,,,,
KENTON CNTY PUB LIBR	KCE	KY	Public	1	1	0	0	0	0	1	0	0	0:00:00	0:00:00	0:00:00,,,,,,,,,,,,,,,,,,,,,,,,,,,,,,,,,,,,,,,,
KITSAP REG LIBR	YEQ	WA	Public	18	18	0	16	16	0	4	0	0	2:21:07	2:21:07	0:00:00,,,,,,,,,,,,,,,,,,,,,,,,,,,,,,,,,,,,,,,,
KLAMATH CNTY LIBR SERV DIST	KCL	OR	Public	29	29	2	1	1	0	30	0	0	1:00:00	1:00:00	0:00:00,,,,,,,,,,,,,,,,,,,,,,,,,,,,,,,,,,,,,,,,
KUNA LIBR DIST	K#U	ID	Public	1	1	0	1	1	0	0	0	0	0:00:00	0:00:00	0:00:00,,,,,,,,,,,,,,,,,,,,,,,,,,,,,,,,,,,,,,,,
LAKEWOOD PUB LIBR	LAP	OH	Public	2	2	0	2	2	0	0	0	0	4:12:00	4:12:00	0:00:00,,,,,,,,,,,,,,,,,,,,,,,,,,,,,,,,,,,,,,,,
LAMAR UNIV	TXR	TX	Academic	1	1	0	1	1	0	0	0	0	0:00:00	0:00:00	0:00:00,,,,,,,,,,,,,,,,,,,,,,,,,,,,,,,,,,,,,,,,
"LANE COMMUN COL	OLE	OR	Junior, Community, Technical Colleges	5	5	0	4	4	0	1	0	0	2:00:00	2:00:00	0:00:00",,,,,,,,,,,,,,,,,,,,,,,,,,,,,,,,,,,,,,,,
LANSING PUB LIBR	BGI	IL	Public	1	1	0	1	1	0	0	0	0	0:00:00	0:00:00	0:00:00,,,,,,,,,,,,,,,,,,,,,,,,,,,,,,,,,,,,,,,,
LAS VEGAS CLARK CNTY LIBR DIST	NVC	NV	Public	5	5	0	2	2	0	2	0	0	1:00:00	1:00:00	0:00:00,,,,,,,,,,,,,,,,,,,,,,,,,,,,,,,,,,,,,,,,
LATAH CNTY LIBR DIST	ZWR	ID	Public	19	19	0	9	9	0	9	0	0	2:05:17	2:05:17	0:00:00,,,,,,,,,,,,,,,,,,,,,,,,,,,,,,,,,,,,,,,,
LAUREL PUB LIBR	L8L	MT	Public	1	1	0	0	0	0	1	0	0	0:00:00	0:00:00	0:00:00,,,,,,,,,,,,,,,,,,,,,,,,,,,,,,,,,,,,,,,,
LAWRENCE PUB LIBR	KSA	KS	Public	2	2	0	1	1	0	1	0	0	0:00:00	0:00:00	0:00:00,,,,,,,,,,,,,,,,,,,,,,,,,,,,,,,,,,,,,,,,
LAWRENCE TECHNOLOGICAL UNIV LIBR	EYL	MI	Academic	1	1	0	0	0	0	1	0	0	0:00:00	0:00:00	0:00:00,,,,,,,,,,,,,,,,,,,,,,,,,,,,,,,,,,,,,,,,
LAWTON PUB LIBR	LPL	OK	Public	1	1	0	0	0	0	1	0	0	0:00:00	0:00:00	0:00:00,,,,,,,,,,,,,,,,,,,,,,,,,,,,,,,,,,,,,,,,
LEMHI COUNTY LIBRARY DISTRICT	ZDL	ID	Public	1	1	0	0	0	0	1	0	0	0:00:00	0:00:00	0:00:00,,,,,,,,,,,,,,,,,,,,,,,,,,,,,,,,,,,,,,,,
LEROY COLLINS LEON CNTY PUB LIBR	FTL	FL	Public	1	1	0	1	1	0	0	0	0	4:00:00	4:00:00	0:00:00,,,,,,,,,,,,,,,,,,,,,,,,,,,,,,,,,,,,,,,,
LETOURNEAU UNIV	TLT	TX	Academic	1	1	0	0	0	0	1	0	0	0:00:00	0:00:00	0:00:00,,,,,,,,,,,,,,,,,,,,,,,,,,,,,,,,,,,,,,,,
LEWIS & CLARK COL	OLP	OR	Academic	3	3	0	3	2	1	0	0	0	0:16:05	1:00:00	0:00:00,,,,,,,,,,,,,,,,,,,,,,,,,,,,,,,,,,,,,,,,
"LEWIS & CLARK COL, NORTHWESTERN SCH/LAW	ONS	OR	Academic	4	4	0	3	3	0	1	0	0	0:00:00	0:00:00	0:00:00",,,,,,,,,,,,,,,,,,,,,,,,,,,,,,,,,,,,,,,,
LEWIS-CLARK STATE COL	WK0	ID	Academic	5	5	0	0	0	0	5	0	0	0:00:00	0:00:00	0:00:00,,,,,,,,,,,,,,,,,,,,,,,,,,,,,,,,,,,,,,,,
LEWISTON CITY LIBR	IDLEW	ID	Public	2	2	0	3	3	0	1	0	0	2:00:00	2:00:00	0:00:00,,,,,,,,,,,,,,,,,,,,,,,,,,,,,,,,,,,,,,,,
LEXINGTON PUB LIBR	KYL	KY	Public	1	1	0	1	1	0	1	0	0	2:00:00	2:00:00	0:00:00,,,,,,,,,,,,,,,,,,,,,,,,,,,,,,,,,,,,,,,,
LIBERTY UNIV SCH OF LAW	LBRTY	VA	Academic	1	1	0	1	1	0	0	0	0	1:00:00	1:00:00	0:00:00,,,,,,,,,,,,,,,,,,,,,,,,,,,,,,,,,,,,,,,,
LIBRARIES IN CLACKAMAS CNTY	LIQ	OR	Public	54	54	0	34	34	0	23	0	0	3:17:02	3:17:02	0:00:00,,,,,,,,,,,,,,,,,,,,,,,,,,,,,,,,,,,,,,,,
LIBRARY OF CONGRESS	DLC	DC	State Library	1	1	0	0	0	0	1	0	0	0:00:00	0:00:00	0:00:00,,,,,,,,,,,,,,,,,,,,,,,,,,,,,,,,,,,,,,,,
"LIBRARY OF VIRGINIA, THE	VIC	VA	State Library	2	1	0	1	1	0	1	0	0	1:00:00	1:00:00	0:00:00",,,,,,,,,,,,,,,,,,,,,,,,,,,,,,,,,,,,,,,,
LIFE UNIV	GE8	GA	Academic	1	1	0	0	0	0	1	0	0	0:00:00	0:00:00	0:00:00,,,,,,,,,,,,,,,,,,,,,,,,,,,,,,,,,,,,,,,,
LIMA PUB LIBR	LIM	OH	Public	1	1	0	0	0	0	1	0	0	0:00:00	0:00:00	0:00:00,,,,,,,,,,,,,,,,,,,,,,,,,,,,,,,,,,,,,,,,
LINCOLN CNTY LIBR DIST	LCS	OR	Public	9	9	0	8	8	0	2	0	0	1:15:07	1:15:07	0:00:00,,,,,,,,,,,,,,,,,,,,,,,,,,,,,,,,,,,,,,,,
LINCOLN CNTY LIBR SYST ALPINE B	WYLIA	WY	Public	1	1	0	1	1	0	0	0	0	0:00:00	0:00:00	0:00:00,,,,,,,,,,,,,,,,,,,,,,,,,,,,,,,,,,,,,,,,
LINCOLN CNTY PUB LIBR	Y83	MT	Public	0	0	0	0	0	0	1	0	0	0:00:00	0:00:00	0:00:00,,,,,,,,,,,,,,,,,,,,,,,,,,,,,,,,,,,,,,,,
LINFIELD UNIV MCMINNVILLE CAM LIBR	OLC	OR	Academic	7	7	0	4	2	2	3	0	0	0:06:00	0:12:00	0:00:00,,,,,,,,,,,,,,,,,,,,,,,,,,,,,,,,,,,,,,,,
LIU POST	VXX	NY	Academic	1	1	0	0	0	0	1	0	0	0:00:00	0:00:00	0:00:00,,,,,,,,,,,,,,,,,,,,,,,,,,,,,,,,,,,,,,,,
LIVE OAK PUB LIBRS	GSC	GA	Public	2	2	0	0	0	0	2	0	0	0:00:00	0:00:00	0:00:00,,,,,,,,,,,,,,,,,,,,,,,,,,,,,,,,,,,,,,,,
LOGAN LIBR	UUD	UT	Public	1	1	0	2	2	0	0	0	0	0:12:00	0:12:00	0:00:00,,,,,,,,,,,,,,,,,,,,,,,,,,,,,,,,,,,,,,,,
LONE STAR COLLEGE SYSTEM	NHA	TX	Academic	2	2	0	0	0	0	2	0	0	0:00:00	0:00:00	0:00:00,,,,,,,,,,,,,,,,,,,,,,,,,,,,,,,,,,,,,,,,
LONESOME PINE REGN LIBR	VWP	VA	Public	1	1	0	0	0	0	1	0	0	0:00:00	0:00:00	0:00:00,,,,,,,,,,,,,,,,,,,,,,,,,,,,,,,,,,,,,,,,
LONGVIEW PUB LIBR	FT6	TX	Public	3	3	0	2	2	0	1	0	0	4:12:00	4:12:00	0:00:00,,,,,,,,,,,,,,,,,,,,,,,,,,,,,,,,,,,,,,,,
LOYOLA UNIV OF CHICAGO	IAL	IL	Academic	4	4	0	3	3	0	1	0	0	0:07:55	0:07:55	0:00:00,,,,,,,,,,,,,,,,,,,,,,,,,,,,,,,,,,,,,,,,
LUBBOCK PUB LIBR	TXL	TX	Public	1	1	0	0	0	0	1	0	0	0:00:00	0:00:00	0:00:00,,,,,,,,,,,,,,,,,,,,,,,,,,,,,,,,,,,,,,,,
LUTHER SEMINARY LIBR	LNT	MN	Academic	1	1	0	0	0	0	1	0	0	0:00:00	0:00:00	0:00:00,,,,,,,,,,,,,,,,,,,,,,,,,,,,,,,,,,,,,,,,
MADISON VAL PUB LIBR	YZY	MT	Public	1	1	0	1	1	0	0	0	0	2:00:00	2:00:00	0:00:00,,,,,,,,,,,,,,,,,,,,,,,,,,,,,,,,,,,,,,,,
MAINE STATE LIBRARY	MEA	ME	State Library	1	1	0	1	1	0	0	0	0	0:00:00	0:00:00	0:00:00,,,,,,,,,,,,,,,,,,,,,,,,,,,,,,,,,,,,,,,,
MARICOPA COMMUN COL DIST	PMD	AZ	Academic	3	3	0	2	2	0	1	0	0	1:00:00	1:00:00	0:00:00,,,,,,,,,,,,,,,,,,,,,,,,,,,,,,,,,,,,,,,,
MARSHALL PUB LIBR	Q6J	ID	Public	3	3	0	1	1	0	2	0	0	1:00:00	1:00:00	0:00:00,,,,,,,,,,,,,,,,,,,,,,,,,,,,,,,,,,,,,,,,
MCALLEN PUB LIBR	TME	TX	Public	2	2	0	2	2	0	0	0	0	3:00:00	3:00:00	0:00:00,,,,,,,,,,,,,,,,,,,,,,,,,,,,,,,,,,,,,,,,
MCKINNEY PUB LIBR	M$K	TX	Public	1	1	0	0	0	0	1	0	0	0:00:00	0:00:00	0:00:00,,,,,,,,,,,,,,,,,,,,,,,,,,,,,,,,,,,,,,,,
MEMPHIS PUB LIBR & INFO CTR	TMN	TN	Public	2	2	0	1	1	0	1	0	0	2:00:00	2:00:00	0:00:00,,,,,,,,,,,,,,,,,,,,,,,,,,,,,,,,,,,,,,,,
MENIL COLLECTION LIBR	GH1	TX	Corporate	1	1	0	0	0	0	1	0	0	0:00:00	0:00:00	0:00:00,,,,,,,,,,,,,,,,,,,,,,,,,,,,,,,,,,,,,,,,
MERCED COLL LIBR	UOO	CA	Academic	1	1	0	0	0	0	1	0	0	0:00:00	0:00:00	0:00:00,,,,,,,,,,,,,,,,,,,,,,,,,,,,,,,,,,,,,,,,
MERCERSBURG ACAD	MGB	PA	Schools Below College Level	0	0	0	0	0	0	1	0	0	0:00:00	0:00:00	0:00:00,,,,,,,,,,,,,,,,,,,,,,,,,,,,,,,,,,,,,,,,
MERIDIAN LIBR DIST	ZPJ	ID	Public	3	3	0	2	2	0	1	0	0	1:00:00	1:00:00	0:00:00,,,,,,,,,,,,,,,,,,,,,,,,,,,,,,,,,,,,,,,,
MESA PUB LIBR	MSA	AZ	Public	1	1	0	1	1	0	0	0	0	1:00:00	1:00:00	0:00:00,,,,,,,,,,,,,,,,,,,,,,,,,,,,,,,,,,,,,,,,
MESSIAH COLL	PGM	PA	Academic	1	1	0	0	0	0	1	0	0	0:00:00	0:00:00	0:00:00,,,,,,,,,,,,,,,,,,,,,,,,,,,,,,,,,,,,,,,,
METROPOLITAN LIBR SYST	OKE	OK	Public	2	2	0	1	1	0	1	0	0	5:00:00	5:00:00	0:00:00,,,,,,,,,,,,,,,,,,,,,,,,,,,,,,,,,,,,,,,,
"MIAMI UNIV, HAMILTON CAM	OHM	OH	Academic	1	1	0	0	0	0	1	0	0	0:00:00	0:00:00	0:00:00",,,,,,,,,,,,,,,,,,,,,,,,,,,,,,,,,,,,,,,,
MID-COLUMBIA LIBR	UAH	WA	Public	7	7	0	1	1	0	6	0	0	5:00:00	5:00:00	0:00:00,,,,,,,,,,,,,,,,,,,,,,,,,,,,,,,,,,,,,,,,
MID-CONTINENT PUB LIBR	CMI	MO	Public	5	5	0	2	2	0	3	0	0	5:00:00	5:00:00	0:00:00,,,,,,,,,,,,,,,,,,,,,,,,,,,,,,,,,,,,,,,,
MIDLOTHIAN PUB LIBR	CKI	IL	Public	1	1	0	1	1	0	0	0	0	4:00:00	4:00:00	0:00:00,,,,,,,,,,,,,,,,,,,,,,,,,,,,,,,,,,,,,,,,
MILWAUKEE CNTY FEDERATED LIBR SYST	GZD	WI	Public	1	1	0	0	0	0	1	0	0	0:00:00	0:00:00	0:00:00,,,,,,,,,,,,,,,,,,,,,,,,,,,,,,,,,,,,,,,,
"MINOT STATE UNIV, GORDON B OLSON LIBR	NMI	ND	Academic	1	1	0	1	1	0	0	0	0	1:00:00	1:00:00	0:00:00",,,,,,,,,,,,,,,,,,,,,,,,,,,,,,,,,,,,,,,,
MISSION VIEJO LIBR	MMK	CA	Public	1	1	0	0	0	0	1	0	0	0:00:00	0:00:00	0:00:00,,,,,,,,,,,,,,,,,,,,,,,,,,,,,,,,,,,,,,,,
MISSOULA PUB LIBR	Y38	MT	Public	4	4	0	3	3	0	1	0	0	0:00:00	0:00:00	0:00:00,,,,,,,,,,,,,,,,,,,,,,,,,,,,,,,,,,,,,,,,
MISSOURI STATE UNIV	MOU	MO	Academic	1	1	0	0	0	0	1	0	0	0:00:00	0:00:00	0:00:00,,,,,,,,,,,,,,,,,,,,,,,,,,,,,,,,,,,,,,,,
MISSOURI UNIV OF SCI & TECH	UMR	MO	Academic	1	1	0	0	0	0	1	0	0	0:00:00	0:00:00	0:00:00,,,,,,,,,,,,,,,,,,,,,,,,,,,,,,,,,,,,,,,,
MONROE CNTY PUB LIBR	IMR	IN	Public	1	1	0	1	1	0	0	0	0	1:00:00	1:00:00	0:00:00,,,,,,,,,,,,,,,,,,,,,,,,,,,,,,,,,,,,,,,,
MONTEREY CNTY FREE LIBRS	JRB	CA	Public	2	2	0	2	2	0	0	0	0	1:00:00	1:00:00	0:00:00,,,,,,,,,,,,,,,,,,,,,,,,,,,,,,,,,,,,,,,,
MONTGOMERY CNTY MEM LIBR SYST	QS2	TX	Public	5	5	0	2	2	0	3	0	0	3:00:00	3:00:00	0:00:00,,,,,,,,,,,,,,,,,,,,,,,,,,,,,,,,,,,,,,,,
MOORE MEM PUB LIBR	YU6	TX	Public	1	1	0	0	0	0	1	0	0	0:00:00	0:00:00	0:00:00,,,,,,,,,,,,,,,,,,,,,,,,,,,,,,,,,,,,,,,,
MOUNT ANGEL ABBEY LIBR	MAA	OR	Association/Foundation	3	3	0	2	2	0	1	0	0	0:00:00	0:00:00	0:00:00,,,,,,,,,,,,,,,,,,,,,,,,,,,,,,,,,,,,,,,,
MOUNT HOLYOKE COL	MTH	MA	Academic	2	2	0	1	1	0	1	0	0	2:00:00	2:00:00	0:00:00,,,,,,,,,,,,,,,,,,,,,,,,,,,,,,,,,,,,,,,,
MOUNT PROSPECT PUB LIBR	GO3	IL	Public	1	1	0	0	0	0	1	0	0	0:00:00	0:00:00	0:00:00,,,,,,,,,,,,,,,,,,,,,,,,,,,,,,,,,,,,,,,,
MT HOOD COM COLL LIBR	MHD	OR	Academic	7	7	0	7	7	0	0	0	0	0:13:41	0:13:41	0:00:00,,,,,,,,,,,,,,,,,,,,,,,,,,,,,,,,,,,,,,,,
MULTNOMAH UNIV	MLH	OR	Academic	8	8	0	6	6	0	2	0	0	0:07:55	0:07:55	0:00:00,,,,,,,,,,,,,,,,,,,,,,,,,,,,,,,,,,,,,,,,
MUNCIE PUB LIBR	IMU	IN	Public	1	1	0	0	0	0	1	0	0	0:00:00	0:00:00	0:00:00,,,,,,,,,,,,,,,,,,,,,,,,,,,,,,,,,,,,,,,,
NAMPA PUB LIBR	ZPP	ID	Public	1	1	0	0	0	0	1	0	0	0:00:00	0:00:00	0:00:00,,,,,,,,,,,,,,,,,,,,,,,,,,,,,,,,,,,,,,,,
NAROPA UNIV	NIY	CO	Academic	1	1	0	0	0	0	1	0	0	0:00:00	0:00:00	0:00:00,,,,,,,,,,,,,,,,,,,,,,,,,,,,,,,,,,,,,,,,
NASHVILLE PUB LIBR	TNN	TN	Public	2	2	0	1	1	0	1	0	0	1:00:00	1:00:00	0:00:00,,,,,,,,,,,,,,,,,,,,,,,,,,,,,,,,,,,,,,,,
NASSAU LIBR SYST	NAB	NY	Public	1	1	0	0	0	0	1	0	0	0:00:00	0:00:00	0:00:00,,,,,,,,,,,,,,,,,,,,,,,,,,,,,,,,,,,,,,,,
NATIONAL UNIV OF NATURAL MED	OXJ	OR	Academic	1	1	0	0	0	0	1	0	0	0:00:00	0:00:00	0:00:00,,,,,,,,,,,,,,,,,,,,,,,,,,,,,,,,,,,,,,,,
NATRONA CNTY PUB LIBR	CWF	WY	Public	2	2	0	0	0	0	2	0	0	0:00:00	0:00:00	0:00:00,,,,,,,,,,,,,,,,,,,,,,,,,,,,,,,,,,,,,,,,
NAVAJO CNTY LIBR DIST	N8V	AZ	Public	1	1	0	1	1	0	0	0	0	0:00:00	0:00:00	0:00:00,,,,,,,,,,,,,,,,,,,,,,,,,,,,,,,,,,,,,,,,
NEVADA CNTY LIBR	NEV	CA	Public	2	2	0	0	0	0	2	0	0	0:00:00	0:00:00	0:00:00,,,,,,,,,,,,,,,,,,,,,,,,,,,,,,,,,,,,,,,,
NEW CASTLE CNTY PUB LIBR SYST	DF9	DE	Public	1	1	0	0	0	0	1	0	0	0:00:00	0:00:00	0:00:00,,,,,,,,,,,,,,,,,,,,,,,,,,,,,,,,,,,,,,,,
NEW COL OF FLORIDA	FHC	FL	Academic	1	1	0	0	0	0	1	0	0	0:00:00	0:00:00	0:00:00,,,,,,,,,,,,,,,,,,,,,,,,,,,,,,,,,,,,,,,,
NEW JERSEY INST OF TECH	NJI	NJ	Academic	1	1	0	1	1	0	0	0	0	3:00:00	3:00:00	0:00:00,,,,,,,,,,,,,,,,,,,,,,,,,,,,,,,,,,,,,,,,
NEW JERSEY STATE LIBR	NJL	NJ	State Library	1	1	0	0	0	0	1	0	0	0:00:00	0:00:00	0:00:00,,,,,,,,,,,,,,,,,,,,,,,,,,,,,,,,,,,,,,,,
NEW MEXICO HIGHLANDS UNIV	NMH	NM	Academic	1	1	0	0	0	0	1	0	0	0:00:00	0:00:00	0:00:00,,,,,,,,,,,,,,,,,,,,,,,,,,,,,,,,,,,,,,,,
NEW MEXICO INST OF MINING & TECHNOL LIBR	NMT	NM	Academic	1	1	0	1	1	0	0	0	0	1:00:00	1:00:00	0:00:00,,,,,,,,,,,,,,,,,,,,,,,,,,,,,,,,,,,,,,,,
NEW MEXICO STATE UNIV	IRU	NM	Academic	1	1	0	0	0	0	1	0	0	0:00:00	0:00:00	0:00:00,,,,,,,,,,,,,,,,,,,,,,,,,,,,,,,,,,,,,,,,
NEW ORLEANS PUB LIBR	LNC	LA	Public	2	2	0	2	2	0	0	0	0	2:00:00	2:00:00	0:00:00,,,,,,,,,,,,,,,,,,,,,,,,,,,,,,,,,,,,,,,,
NEWPORT BEACH PUB LIBR	CNB	CA	Public	1	1	0	0	0	0	1	0	0	0:00:00	0:00:00	0:00:00,,,,,,,,,,,,,,,,,,,,,,,,,,,,,,,,,,,,,,,,
NEWPORT PUB LIBR	OXA	OR	Public	11	11	0	0	0	0	10	0	0	0:00:00	0:00:00	0:00:00,,,,,,,,,,,,,,,,,,,,,,,,,,,,,,,,,,,,,,,,
NICHOLSON MEM LIBR	NM$	TX	Public	1	1	0	0	0	0	1	0	0	0:00:00	0:00:00	0:00:00,,,,,,,,,,,,,,,,,,,,,,,,,,,,,,,,,,,,,,,,
NORTH CENTRAL WASHINGTON LIBRARIES	OEI	WA	Public	35	35	0	21	21	0	15	0	0	1:01:12	1:01:12	0:00:00,,,,,,,,,,,,,,,,,,,,,,,,,,,,,,,,,,,,,,,,
NORTH DAKOTA STATE LIBR	NDS	ND	State Library	1	1	0	1	1	0	0	0	0	0:00:00	0:00:00	0:00:00,,,,,,,,,,,,,,,,,,,,,,,,,,,,,,,,,,,,,,,,
NORTH IDAHO COLL	XFH	ID	Academic	5	5	0	5	5	0	0	0	0	0:04:48	0:04:48	0:00:00,,,,,,,,,,,,,,,,,,,,,,,,,,,,,,,,,,,,,,,,
NORTH OLYMPIC LIBR SYST	NOQ	WA	Public	3	3	0	3	3	0	0	0	0	2:07:55	2:07:55	0:00:00,,,,,,,,,,,,,,,,,,,,,,,,,,,,,,,,,,,,,,,,
NORTH PLATTE PUB LIBR	NPG	NE	Public	1	1	0	0	0	0	1	0	0	0:00:00	0:00:00	0:00:00,,,,,,,,,,,,,,,,,,,,,,,,,,,,,,,,,,,,,,,,
"NORTHEAST IOWA COMMUN COL	HL6	IA	Junior, Community, Technical Colleges	1	1	0	0	0	0	1	0	0	0:00:00	0:00:00	0:00:00",,,,,,,,,,,,,,,,,,,,,,,,,,,,,,,,,,,,,,,,
NORTHERN ARIZONA UNIV	AZN	AZ	Academic	1	1	0	2	2	0	0	0	0	3:00:00	3:00:00	0:00:00,,,,,,,,,,,,,,,,,,,,,,,,,,,,,,,,,,,,,,,,
NORTHERN ILLINOIS UNIV	JNA	IL	Academic	4	4	0	1	1	0	3	0	0	7:00:00	7:00:00	0:00:00,,,,,,,,,,,,,,,,,,,,,,,,,,,,,,,,,,,,,,,,
NORTHWEST CHRISTIAN UNIV	NWE	OR	Academic	3	3	0	2	2	0	1	0	0	2:00:00	2:00:00	0:00:00,,,,,,,,,,,,,,,,,,,,,,,,,,,,,,,,,,,,,,,,
NORTHWEST NAZARENE UNIV	N#Z	ID	Academic	2	2	0	2	2	0	0	0	0	0:00:00	0:00:00	0:00:00,,,,,,,,,,,,,,,,,,,,,,,,,,,,,,,,,,,,,,,,
NORTHWEST UNIV	HNW	WA	Academic	2	2	0	2	2	0	0	0	0	0:12:00	0:12:00	0:00:00,,,,,,,,,,,,,,,,,,,,,,,,,,,,,,,,,,,,,,,,
"NORTHWEST VISTA COL LIBR	N$V	TX	Junior, Community, Technical Colleges	1	1	0	1	1	0	0	0	0	0:00:00	0:00:00	0:00:00",,,,,,,,,,,,,,,,,,,,,,,,,,,,,,,,,,,,,,,,
OAKLAND PUB LIBR	JRK	CA	Public	2	2	0	0	0	0	2	0	0	0:00:00	0:00:00	0:00:00,,,,,,,,,,,,,,,,,,,,,,,,,,,,,,,,,,,,,,,,
OC PUBLIC LIBRARIES	ORK	CA	Public	3	3	0	0	0	0	3	0	0	0:00:00	0:00:00	0:00:00,,,,,,,,,,,,,,,,,,,,,,,,,,,,,,,,,,,,,,,,
OCCIDENTAL COL LIBR	CCO	CA	Academic	1	1	0	0	0	0	1	0	0	0:00:00	0:00:00	0:00:00,,,,,,,,,,,,,,,,,,,,,,,,,,,,,,,,,,,,,,,,
OFALLON PUB LIBR	JP3	IL	Public	1	1	0	1	1	0	0	0	0	2:00:00	2:00:00	0:00:00,,,,,,,,,,,,,,,,,,,,,,,,,,,,,,,,,,,,,,,,
OHDEP NORTHEAST	OHDEP	OH	Academic	2	2	0	1	1	0	1	0	0	0:00:00	0:00:00	0:00:00,,,,,,,,,,,,,,,,,,,,,,,,,,,,,,,,,,,,,,,,
OKLAHOMA CITY UNIV	OSZ	OK	Academic	2	2	0	0	0	0	2	0	0	0:00:00	0:00:00	0:00:00,,,,,,,,,,,,,,,,,,,,,,,,,,,,,,,,,,,,,,,,
OKLAHOMA DEPT OF LIBR	OKD	OK	State Library	1	1	0	1	1	0	0	0	0	1:00:00	1:00:00	0:00:00,,,,,,,,,,,,,,,,,,,,,,,,,,,,,,,,,,,,,,,,
OMAHA PUB LIBR	NBO	NE	Public	3	3	0	1	1	0	2	0	0	1:00:00	1:00:00	0:00:00,,,,,,,,,,,,,,,,,,,,,,,,,,,,,,,,,,,,,,,,
ONONDAGA CNTY PUB LIBR	YVO	NY	Public	2	2	0	1	1	0	0	0	0	2:00:00	2:00:00	0:00:00,,,,,,,,,,,,,,,,,,,,,,,,,,,,,,,,,,,,,,,,
ONTARIO CITY LIBR	ONT	CA	Public	1	1	0	1	1	0	0	0	0	0:00:00	0:00:00	0:00:00,,,,,,,,,,,,,,,,,,,,,,,,,,,,,,,,,,,,,,,,
ORCAS ISLAND LIBR DIST	Z66	WA	Public	5	5	0	0	0	0	5	0	0	0:00:00	0:00:00	0:00:00,,,,,,,,,,,,,,,,,,,,,,,,,,,,,,,,,,,,,,,,
OREGON INST OF TECHNOL LIBR	OIT	OR	Academic	1	1	0	1	1	0	0	0	0	0:00:00	0:00:00	0:00:00,,,,,,,,,,,,,,,,,,,,,,,,,,,,,,,,,,,,,,,,
OTTAWA PUB LIBR	OTP	ON	Public	1	1	0	1	1	0	0	0	0	8:00:00	8:00:00	0:00:00,,,,,,,,,,,,,,,,,,,,,,,,,,,,,,,,,,,,,,,,
OTTAWA UNIV	KKO	KS	Academic	1	1	0	0	0	0	1	0	0	0:00:00	0:00:00	0:00:00,,,,,,,,,,,,,,,,,,,,,,,,,,,,,,,,,,,,,,,,
OTTERBEIN UNIV	OTC	OH	Academic	2	2	0	1	1	0	1	0	0	2:00:00	2:00:00	0:00:00,,,,,,,,,,,,,,,,,,,,,,,,,,,,,,,,,,,,,,,,
OUR LADY OF THE LAKE UNIV LIBR	SAT	TX	Academic	1	1	0	1	1	0	0	0	0	0:00:00	0:00:00	0:00:00,,,,,,,,,,,,,,,,,,,,,,,,,,,,,,,,,,,,,,,,
OXNARD PUB LIBR	JRN	CA	Public	5	5	0	0	0	0	4	0	0	0:00:00	0:00:00	0:00:00,,,,,,,,,,,,,,,,,,,,,,,,,,,,,,,,,,,,,,,,
PACIFIC LUTHERAN UNIV	OPV	WA	Academic	13	13	0	13	12	1	0	0	0	0:00:00	0:00:00	0:00:00,,,,,,,,,,,,,,,,,,,,,,,,,,,,,,,,,,,,,,,,
PACIFIC UNION COL LIBR	CPU	CA	Academic	1	1	0	1	1	0	0	0	0	3:00:00	3:00:00	0:00:00,,,,,,,,,,,,,,,,,,,,,,,,,,,,,,,,,,,,,,,,
PACIFIC UNIV	OPU	OR	Academic	4	4	0	3	2	1	1	0	0	2:00:00	2:12:00	1:00:00,,,,,,,,,,,,,,,,,,,,,,,,,,,,,,,,,,,,,,,,
PALATINE PUB LIBR DIST	JBZ	IL	Public	1	1	0	0	0	0	1	0	0	0:00:00	0:00:00	0:00:00,,,,,,,,,,,,,,,,,,,,,,,,,,,,,,,,,,,,,,,,
PALOS VERDES LIBR DIST	PVL	CA	Public	1	1	0	1	1	0	0	0	0	2:00:00	2:00:00	0:00:00,,,,,,,,,,,,,,,,,,,,,,,,,,,,,,,,,,,,,,,,
PASADENA PUB LIBR	CPP	CA	Public	3	3	0	0	0	0	3	0	0	0:00:00	0:00:00	0:00:00,,,,,,,,,,,,,,,,,,,,,,,,,,,,,,,,,,,,,,,,
PATRICK HEATH PUB LIBR	T2S	TX	Public	0	0	0	1	1	0	0	0	0	1:00:00	1:00:00	0:00:00,,,,,,,,,,,,,,,,,,,,,,,,,,,,,,,,,,,,,,,,
PELLA PUB LIBR	IW3	IA	Public	1	1	0	0	0	0	1	0	0	0:00:00	0:00:00	0:00:00,,,,,,,,,,,,,,,,,,,,,,,,,,,,,,,,,,,,,,,,
PEND OREILLE CNTY LIBR DIST	XRQ	WA	Public	4	4	0	1	1	0	0	0	0	2:00:00	2:00:00	0:00:00,,,,,,,,,,,,,,,,,,,,,,,,,,,,,,,,,,,,,,,,
PHOENIX PUB LIBR	PNX	AZ	Public	7	7	0	4	4	0	2	0	0	4:18:00	4:18:00	0:00:00,,,,,,,,,,,,,,,,,,,,,,,,,,,,,,,,,,,,,,,,
PIERCE CNTY LIBR SYST	RLS	WA	Public	23	23	0	14	14	0	12	0	0	2:13:41	2:13:41	0:00:00,,,,,,,,,,,,,,,,,,,,,,,,,,,,,,,,,,,,,,,,
PIKES PEAK LIBR DIST	CQU	CO	Public	3	3	0	1	1	0	2	0	0	2:00:00	2:00:00	0:00:00,,,,,,,,,,,,,,,,,,,,,,,,,,,,,,,,,,,,,,,,
"PIMA CNTY COM COLL DIST LIBR TECH SERVS	GC0	AZ	Junior, Community, Technical Colleges	1	1	0	1	1	0	0	0	0	1:00:00	1:00:00	0:00:00",,,,,,,,,,,,,,,,,,,,,,,,,,,,,,,,,,,,,,,,
PIMA CNTY PUB LIBR	AZT	AZ	Public	3	3	0	1	1	0	3	0	0	1:00:00	1:00:00	0:00:00,,,,,,,,,,,,,,,,,,,,,,,,,,,,,,,,,,,,,,,,
PIONEERLAND LIBR SYST	CRM	MN	Public	1	1	0	0	0	0	1	0	0	0:00:00	0:00:00	0:00:00,,,,,,,,,,,,,,,,,,,,,,,,,,,,,,,,,,,,,,,,
PLANO PUB LIBR SYST	PLS	TX	Public	2	2	0	1	1	0	1	0	0	4:00:00	4:00:00	0:00:00,,,,,,,,,,,,,,,,,,,,,,,,,,,,,,,,,,,,,,,,
"PORTLAND COMMUN COL LIBR	OQP	OR	Junior, Community, Technical Colleges	6	6	0	3	3	0	1	0	0	4:16:05	4:16:05	0:00:00",,,,,,,,,,,,,,,,,,,,,,,,,,,,,,,,,,,,,,,,
PORTLAND STATE UNIV LIBR	ORZ	OR	Academic	25	25	0	26	26	0	2	0	0	1:04:34	1:04:34	0:00:00,,,,,,,,,,,,,,,,,,,,,,,,,,,,,,,,,,,,,,,,
PRESCOTT PUB LIBR	ZPT	AZ	Public	2	2	0	1	1	0	0	0	0	6:00:00	6:00:00	0:00:00,,,,,,,,,,,,,,,,,,,,,,,,,,,,,,,,,,,,,,,,
PRINCE GEORGES CNTY MEM LIBR SYST	MDK	MD	Public	0	0	0	0	0	0	1	0	0	0:00:00	0:00:00	0:00:00,,,,,,,,,,,,,,,,,,,,,,,,,,,,,,,,,,,,,,,,
PROSPECT HEIGHTS PUB LIBR DIST	JAO	IL	Public	1	1	0	1	1	0	0	0	0	1:00:00	1:00:00	0:00:00,,,,,,,,,,,,,,,,,,,,,,,,,,,,,,,,,,,,,,,,
"PROVIDENCE COL, PHILLIPS MEM LIBR	PRC	RI	Academic	1	1	0	1	1	0	0	0	0	0:00:00	0:00:00	0:00:00",,,,,,,,,,,,,,,,,,,,,,,,,,,,,,,,,,,,,,,,
PROVO CITY PUB LIBR	UPZ	UT	Public	2	2	0	1	1	0	1	0	0	3:00:00	3:00:00	0:00:00,,,,,,,,,,,,,,,,,,,,,,,,,,,,,,,,,,,,,,,,
QUEENS BOROUGH PUB LIBR	ZQP	NY	Public	3	3	0	0	0	0	3	0	0	0:00:00	0:00:00	0:00:00,,,,,,,,,,,,,,,,,,,,,,,,,,,,,,,,,,,,,,,,
QUINCY PUB LIBR	IDQ	IL	Public	1	1	0	1	1	0	0	0	0	4:00:00	4:00:00	0:00:00,,,,,,,,,,,,,,,,,,,,,,,,,,,,,,,,,,,,,,,,
RAMSEY CNTY PUB LIBR	RCL	MN	Public	1	1	0	1	1	0	0	0	0	4:00:00	4:00:00	0:00:00,,,,,,,,,,,,,,,,,,,,,,,,,,,,,,,,,,,,,,,,
REED COL LIBR	ORC	OR	Academic	36	36	0	30	30	0	6	0	0	0:06:29	0:06:29	0:00:00,,,,,,,,,,,,,,,,,,,,,,,,,,,,,,,,,,,,,,,,
RENSSELAER POLYTECHNIC INST	YRM	NY	Academic	1	1	0	1	1	0	0	0	0	0:00:00	0:00:00	0:00:00,,,,,,,,,,,,,,,,,,,,,,,,,,,,,,,,,,,,,,,,
RICHARDSON PUB LIBR	YT2	TX	Public	1	1	0	0	0	0	1	0	0	0:00:00	0:00:00	0:00:00,,,,,,,,,,,,,,,,,,,,,,,,,,,,,,,,,,,,,,,,
RICHLAND PUB LIBR	XTW	WA	Public	6	6	0	3	3	0	3	0	0	0:07:55	0:07:55	0:00:00,,,,,,,,,,,,,,,,,,,,,,,,,,,,,,,,,,,,,,,,
RIGBY CITY LIBR	ZBQ	ID	Public	1	1	0	0	0	0	1	0	0	0:00:00	0:00:00	0:00:00,,,,,,,,,,,,,,,,,,,,,,,,,,,,,,,,,,,,,,,,
ROANOKE CITY PUB LIBR	RNC	VA	Public	1	1	0	1	1	0	0	0	0	5:00:00	5:00:00	0:00:00,,,,,,,,,,,,,,,,,,,,,,,,,,,,,,,,,,,,,,,,
ROCKFORD PUB LIBR	JBO	IL	Public	1	1	0	0	0	0	1	0	0	0:00:00	0:00:00	0:00:00,,,,,,,,,,,,,,,,,,,,,,,,,,,,,,,,,,,,,,,,
ROGERS PUB LIBR	RPB	AR	Public	1	1	0	1	1	0	0	0	0	0:00:00	0:00:00	0:00:00,,,,,,,,,,,,,,,,,,,,,,,,,,,,,,,,,,,,,,,,
"ROGUE COMMUN COL LIBR	ORR	OR	Junior, Community, Technical Colleges	5	5	0	1	1	0	4	0	0	3:00:00	3:00:00	0:00:00",,,,,,,,,,,,,,,,,,,,,,,,,,,,,,,,,,,,,,,,
ROOSEVELT CNTY LIBR	YLZ	MT	Public	2	2	0	2	2	0	0	0	0	0:12:00	0:12:00	0:00:00,,,,,,,,,,,,,,,,,,,,,,,,,,,,,,,,,,,,,,,,
ROUND ROCK PUB LIBR	QT4	TX	Public	1	1	0	1	1	0	0	0	0	3:00:00	3:00:00	0:00:00,,,,,,,,,,,,,,,,,,,,,,,,,,,,,,,,,,,,,,,,
SACRED HEART MAJOR SEMINARY LIBR	ESJ	MI	Theological	1	1	0	1	1	0	0	0	0	1:00:00	1:00:00	0:00:00,,,,,,,,,,,,,,,,,,,,,,,,,,,,,,,,,,,,,,,,
SAFFORD CITY-GRAHAM CNTY LIBR	FY2	AZ	Public	1	1	0	1	1	0	0	0	0	1:00:00	1:00:00	0:00:00,,,,,,,,,,,,,,,,,,,,,,,,,,,,,,,,,,,,,,,,
SAINT IGNATIUS SCH & COMMUN LIBR	I8G	MT	Schools Below College Level	1	1	0	0	0	0	1	0	0	0:00:00	0:00:00	0:00:00,,,,,,,,,,,,,,,,,,,,,,,,,,,,,,,,,,,,,,,,
"SAINT JOHNS SEMINARY, THEOL LIBR	SJT	CA	Academic	1	1	0	0	0	0	1	0	0	0:00:00	0:00:00	0:00:00",,,,,,,,,,,,,,,,,,,,,,,,,,,,,,,,,,,,,,,,
SAINT JOHNS UNIV	MNJ	MN	Academic	1	1	0	0	0	0	1	0	0	0:00:00	0:00:00	0:00:00,,,,,,,,,,,,,,,,,,,,,,,,,,,,,,,,,,,,,,,,
SAINT JOSEPH CNTY PUB LIBR	ISO	IN	Public	1	1	0	0	0	0	1	0	0	0:00:00	0:00:00	0:00:00,,,,,,,,,,,,,,,,,,,,,,,,,,,,,,,,,,,,,,,,
SAINT JOSEPH TOWNSHIP SWEARINGEN MEM LIB	NK1	IL	Public	1	1	0	0	0	0	1	0	0	0:00:00	0:00:00	0:00:00,,,,,,,,,,,,,,,,,,,,,,,,,,,,,,,,,,,,,,,,
SAINT LOUIS CNTY LIBR	ZAE	MO	Public	4	4	0	2	2	0	2	0	0	1:00:00	1:00:00	0:00:00,,,,,,,,,,,,,,,,,,,,,,,,,,,,,,,,,,,,,,,,
"SAINT LOUIS COMMUN COL	ZAD	MO	Junior, Community, Technical Colleges	1	1	0	1	1	0	0	0	0	0:00:00	0:00:00	0:00:00",,,,,,,,,,,,,,,,,,,,,,,,,,,,,,,,,,,,,,,,
SAINT LOUIS PUB LIBR	SVP	MO	Public	1	1	0	1	1	0	0	0	0	4:00:00	4:00:00	0:00:00,,,,,,,,,,,,,,,,,,,,,,,,,,,,,,,,,,,,,,,,
SAINT MARTIN'S UNIV	WSL	WA	Academic	3	3	0	3	3	0	0	0	0	0:00:00	0:00:00	0:00:00,,,,,,,,,,,,,,,,,,,,,,,,,,,,,,,,,,,,,,,,
SAINT MARY'S COL LIBR	GH0	CA	Academic	0	0	0	1	1	0	0	0	0	2:00:00	2:00:00	0:00:00,,,,,,,,,,,,,,,,,,,,,,,,,,,,,,,,,,,,,,,,
SAINT PAUL PUB LIBR	SPP	MN	Public	1	1	0	0	0	0	1	0	0	0:00:00	0:00:00	0:00:00,,,,,,,,,,,,,,,,,,,,,,,,,,,,,,,,,,,,,,,,
SAINT TAMMANY PARISH LIBR	LTP	LA	Public	0	0	0	1	1	0	0	0	0	1:00:00	1:00:00	0:00:00,,,,,,,,,,,,,,,,,,,,,,,,,,,,,,,,,,,,,,,,
SALINE CNTY LIBR	RL9	AR	Public	2	2	0	0	0	0	2	0	0	0:00:00	0:00:00	0:00:00,,,,,,,,,,,,,,,,,,,,,,,,,,,,,,,,,,,,,,,,
SALT LAKE CITY PUB LIBR	UUP	UT	Public	6	6	0	2	2	0	4	0	0	1:00:00	1:00:00	0:00:00,,,,,,,,,,,,,,,,,,,,,,,,,,,,,,,,,,,,,,,,
SALT LAKE CNTY LIBR SVC	UUC	UT	Public	2	2	0	0	0	0	2	0	0	0:00:00	0:00:00	0:00:00,,,,,,,,,,,,,,,,,,,,,,,,,,,,,,,,,,,,,,,,
SAM HOUSTON STATE UNIV	SHH	TX	Academic	5	5	0	6	6	0	0	0	0	1:00:00	1:00:00	0:00:00,,,,,,,,,,,,,,,,,,,,,,,,,,,,,,,,,,,,,,,,
SAMFORD UNIV LIBR	ABF	AL	Academic	1	1	0	1	1	0	0	0	0	0:00:00	0:00:00	0:00:00,,,,,,,,,,,,,,,,,,,,,,,,,,,,,,,,,,,,,,,,
SAN ANTONIO PUB LIBR	SAP	TX	Public	1	1	0	1	1	0	0	0	0	2:00:00	2:00:00	0:00:00,,,,,,,,,,,,,,,,,,,,,,,,,,,,,,,,,,,,,,,,
SAN BERNARDINO CNTY LIBR	CBL	CA	Public	8	8	0	2	2	0	6	0	0	5:00:00	5:00:00	0:00:00,,,,,,,,,,,,,,,,,,,,,,,,,,,,,,,,,,,,,,,,
SAN FRANCISCO PUB LIBR	SFR	CA	Public	4	4	0	3	3	0	1	0	0	2:00:00	2:00:00	0:00:00,,,,,,,,,,,,,,,,,,,,,,,,,,,,,,,,,,,,,,,,
"SAN JACINTO COL, LEE DAVIS LIBR	SJY	TX	Junior, Community, Technical Colleges	2	2	0	2	2	0	0	0	0	0:12:00	0:12:00	0:00:00",,,,,,,,,,,,,,,,,,,,,,,,,,,,,,,,,,,,,,,,
SAN JOSE STATE UNIV	CSJ	CA	Academic	3	3	0	1	1	0	2	0	0	3:00:00	3:00:00	0:00:00,,,,,,,,,,,,,,,,,,,,,,,,,,,,,,,,,,,,,,,,
SAN JUAN COL LIBR	S2J	NM	Academic	1	1	0	1	1	0	0	0	0	0:00:00	0:00:00	0:00:00,,,,,,,,,,,,,,,,,,,,,,,,,,,,,,,,,,,,,,,,
SAN JUAN ISLAND LIBR DIST	SJI	WA	Public	2	2	0	1	1	0	1	0	0	1:00:00	1:00:00	0:00:00,,,,,,,,,,,,,,,,,,,,,,,,,,,,,,,,,,,,,,,,
SAN MATEO CNTY LIBR	CZA	CA	Public	1	1	0	0	0	0	1	0	0	0:00:00	0:00:00	0:00:00,,,,,,,,,,,,,,,,,,,,,,,,,,,,,,,,,,,,,,,,
SAN MATEO PUB LIBR	JTE	CA	Public	2	2	0	0	0	0	2	0	0	0:00:00	0:00:00	0:00:00,,,,,,,,,,,,,,,,,,,,,,,,,,,,,,,,,,,,,,,,
SANTA ANA PUB LIBR	JRT	CA	Public	1	1	0	1	1	0	0	0	0	3:00:00	3:00:00	0:00:00,,,,,,,,,,,,,,,,,,,,,,,,,,,,,,,,,,,,,,,,
SANTA BARBARA CITY COL LIBR	SAB	CA	Academic	1	1	1	0	0	0	0	0	0	0:00:00	0:00:00	0:00:00,,,,,,,,,,,,,,,,,,,,,,,,,,,,,,,,,,,,,,,,
SANTA CLARA CNTY LIBR DIST	JRY	CA	Public	2	2	1	1	1	0	1	0	0	5:00:00	5:00:00	0:00:00,,,,,,,,,,,,,,,,,,,,,,,,,,,,,,,,,,,,,,,,
SANTA CLARA UNIV	STA	CA	Academic	1	1	0	0	0	0	1	0	0	0:00:00	0:00:00	0:00:00,,,,,,,,,,,,,,,,,,,,,,,,,,,,,,,,,,,,,,,,
SANTA CRUZ PUB LIBRS	JTA	CA	Public	1	1	0	0	0	0	1	0	0	0:00:00	0:00:00	0:00:00,,,,,,,,,,,,,,,,,,,,,,,,,,,,,,,,,,,,,,,,
SANTA FE PUB LIBR	SFP	NM	Public	1	1	0	0	0	0	1	0	0	0:00:00	0:00:00	0:00:00,,,,,,,,,,,,,,,,,,,,,,,,,,,,,,,,,,,,,,,,
SCENIC REGN LIBR	MZ7	MO	Public	1	1	0	0	0	0	1	0	0	0:00:00	0:00:00	0:00:00,,,,,,,,,,,,,,,,,,,,,,,,,,,,,,,,,,,,,,,,
SCHAUMBURG TOWNSHIP DIST LIBR	GO9	IL	Public	1	1	0	0	0	0	1	0	0	0:00:00	0:00:00	0:00:00,,,,,,,,,,,,,,,,,,,,,,,,,,,,,,,,,,,,,,,,
SCOTTSDALE PUB LIBR	AZD	AZ	Public	2	2	0	1	1	0	1	0	0	3:00:00	3:00:00	0:00:00,,,,,,,,,,,,,,,,,,,,,,,,,,,,,,,,,,,,,,,,
SEASIDE PUB LIBR	XV9	OR	Public	6	6	0	8	8	0	0	0	0	0:06:00	0:06:00	0:00:00,,,,,,,,,,,,,,,,,,,,,,,,,,,,,,,,,,,,,,,,
SEATTLE PACIFIC UNIV LIBR	OXF	WA	Academic	9	9	0	10	10	0	2	0	0	2:12:00	2:12:00	0:00:00,,,,,,,,,,,,,,,,,,,,,,,,,,,,,,,,,,,,,,,,
SEATTLE PUB LIBR	UOK	WA	Public	47	47	1	38	38	0	8	0	0	2:20:10	2:20:10	0:00:00,,,,,,,,,,,,,,,,,,,,,,,,,,,,,,,,,,,,,,,,
SEATTLE UNIV	WSE	WA	Academic	3	3	0	3	3	0	1	0	0	2:00:00	2:00:00	0:00:00,,,,,,,,,,,,,,,,,,,,,,,,,,,,,,,,,,,,,,,,
SEATTLE UNIV LAW LIBR	W9L	WA	Academic	2	2	0	2	2	0	0	0	0	1:00:00	1:00:00	0:00:00,,,,,,,,,,,,,,,,,,,,,,,,,,,,,,,,,,,,,,,,
SEWARD COMMUN LIBR	X@3	AK	Public	1	1	0	0	0	0	1	0	0	0:00:00	0:00:00	0:00:00,,,,,,,,,,,,,,,,,,,,,,,,,,,,,,,,,,,,,,,,
SHERIDAN CNTY FULMER PUB LIBR	W5F	WY	Public	1	1	0	1	1	0	0	0	0	1:00:00	1:00:00	0:00:00,,,,,,,,,,,,,,,,,,,,,,,,,,,,,,,,,,,,,,,,
SIERRA VISTA PUB LIBR	SVZ	AZ	Public	1	1	0	1	1	0	0	0	0	0:00:00	0:00:00	0:00:00,,,,,,,,,,,,,,,,,,,,,,,,,,,,,,,,,,,,,,,,
SILVIS PUB LIBR	ZRW	IL	Public	1	1	0	0	0	0	1	0	0	0:00:00	0:00:00	0:00:00,,,,,,,,,,,,,,,,,,,,,,,,,,,,,,,,,,,,,,,,
SKAGIT VAL COLL LIBR MEDIA CTR	Z74	WA	Academic	1	1	0	1	1	0	0	0	0	0:00:00	0:00:00	0:00:00,,,,,,,,,,,,,,,,,,,,,,,,,,,,,,,,,,,,,,,,
SKIDMORE COL	VZS	NY	Academic	1	1	0	0	0	0	1	0	0	0:00:00	0:00:00	0:00:00,,,,,,,,,,,,,,,,,,,,,,,,,,,,,,,,,,,,,,,,
SMITHSONIAN INSTITUTION	SMI	DC	Federal/Natl Government	2	2	0	0	0	0	2	0	0	0:00:00	0:00:00	0:00:00,,,,,,,,,,,,,,,,,,,,,,,,,,,,,,,,,,,,,,,,
SNO-ISLE LIBRS	OEM	WA	Public	17	17	0	8	8	0	9	0	0	3:09:07	3:09:07	0:00:00,,,,,,,,,,,,,,,,,,,,,,,,,,,,,,,,,,,,,,,,
SOUTH CENT LIBR SYST	WIM	WI	Public	2	2	0	3	3	0	0	0	0	7:16:05	7:16:05	0:00:00,,,,,,,,,,,,,,,,,,,,,,,,,,,,,,,,,,,,,,,,
SOUTH TEXAS COL	PBF	TX	Academic	1	1	0	0	0	0	1	0	0	0:00:00	0:00:00	0:00:00,,,,,,,,,,,,,,,,,,,,,,,,,,,,,,,,,,,,,,,,
"SOUTHERN METHODIST UNIV, CENT LIBR	ISM	TX	Academic	2	2	0	2	2	0	1	0	0	1:12:00	1:12:00	0:00:00",,,,,,,,,,,,,,,,,,,,,,,,,,,,,,,,,,,,,,,,
SOUTHERN UTAH UNIV LIBR	UUA	UT	Academic	1	1	0	1	1	0	0	0	0	0:00:00	0:00:00	0:00:00,,,,,,,,,,,,,,,,,,,,,,,,,,,,,,,,,,,,,,,,
SPOKANE CNTY LIBR DIST	WSN	WA	Public	21	21	0	12	12	0	11	0	0	4:04:05	4:04:05	0:00:00,,,,,,,,,,,,,,,,,,,,,,,,,,,,,,,,,,,,,,,,
SPOKANE PUB LIBR	UAG	WA	Public	6	6	0	3	3	0	3	0	0	5:07:55	5:07:55	0:00:00,,,,,,,,,,,,,,,,,,,,,,,,,,,,,,,,,,,,,,,,
SPRINGFIELD GREENE CNTY LIBR	MOS	MO	Public	4	4	0	1	1	0	3	0	0	1:00:00	1:00:00	0:00:00,,,,,,,,,,,,,,,,,,,,,,,,,,,,,,,,,,,,,,,,
"ST PHILIP'S COLL LRNG RESOURCE CTR	SSP	TX	Junior, Community, Technical Colleges	2	2	0	0	0	0	2	0	0	0:00:00	0:00:00	0:00:00",,,,,,,,,,,,,,,,,,,,,,,,,,,,,,,,,,,,,,,,
STANFORD UNIV INTERLIBRARY SERVS	ST2	CA	Academic	2	2	0	2	2	0	0	0	0	4:00:00	4:00:00	0:00:00,,,,,,,,,,,,,,,,,,,,,,,,,,,,,,,,,,,,,,,,
STATE LIBR OF LOUISIANA	LSL	LA	State Library	1	1	0	0	0	0	1	0	0	0:00:00	0:00:00	0:00:00,,,,,,,,,,,,,,,,,,,,,,,,,,,,,,,,,,,,,,,,
STETSON UNIV	FDS	FL	Academic	2	2	0	0	0	0	2	0	0	0:00:00	0:00:00	0:00:00,,,,,,,,,,,,,,,,,,,,,,,,,,,,,,,,,,,,,,,,
SUBLETTE CNTY LIBR	W8L	WY	Public	1	1	0	1	1	0	0	0	0	2:00:00	2:00:00	0:00:00,,,,,,,,,,,,,,,,,,,,,,,,,,,,,,,,,,,,,,,,
SUL ROSS STATE UNIV LIBR	SUR	TX	Academic	1	1	0	0	0	0	1	0	0	0:00:00	0:00:00	0:00:00,,,,,,,,,,,,,,,,,,,,,,,,,,,,,,,,,,,,,,,,
"SUNY ADIRONDACK LIBR	VJK	NY	Junior, Community, Technical Colleges	1	1	0	0	0	0	1	0	0	0:00:00	0:00:00	0:00:00",,,,,,,,,,,,,,,,,,,,,,,,,,,,,,,,,,,,,,,,
SUNY AT ALBANY LIBRS	NAM	NY	Academic	2	2	0	1	1	0	1	0	0	0:00:00	0:00:00	0:00:00,,,,,,,,,,,,,,,,,,,,,,,,,,,,,,,,,,,,,,,,
SUNY BUFFALO STATE COLL	YBM	NY	Academic	1	1	0	0	0	0	1	0	0	0:00:00	0:00:00	0:00:00,,,,,,,,,,,,,,,,,,,,,,,,,,,,,,,,,,,,,,,,
SUNY COL AT ONEONTA	ZBM	NY	Academic	1	1	0	0	0	0	1	0	0	0:00:00	0:00:00	0:00:00,,,,,,,,,,,,,,,,,,,,,,,,,,,,,,,,,,,,,,,,
SYRACUSE UNIV	SYB	NY	Academic	2	2	0	2	2	0	0	0	0	1:00:00	1:00:00	0:00:00,,,,,,,,,,,,,,,,,,,,,,,,,,,,,,,,,,,,,,,,
TACOMA PUB LIBR	TAW	WA	Public	30	30	0	8	8	0	22	0	0	2:09:07	2:09:07	0:00:00,,,,,,,,,,,,,,,,,,,,,,,,,,,,,,,,,,,,,,,,
TARRANT CNTY COL	TCJ	TX	Academic	1	1	0	0	0	0	1	0	0	0:00:00	0:00:00	0:00:00,,,,,,,,,,,,,,,,,,,,,,,,,,,,,,,,,,,,,,,,
TEXAS A&M SCH OF LAW	DFL	TX	Law Libraries	1	1	0	1	1	0	0	0	0	0:00:00	0:00:00	0:00:00,,,,,,,,,,,,,,,,,,,,,,,,,,,,,,,,,,,,,,,,
TEXAS A&M UNIV CENT TEXAS	TAMCT	TX	Academic	1	1	0	1	1	0	0	0	0	0:00:00	0:00:00	0:00:00,,,,,,,,,,,,,,,,,,,,,,,,,,,,,,,,,,,,,,,,
"TEXAS A&M UNIV LIBR, COMMERCE	IEA	TX	Academic	1	1	0	0	0	0	1	0	0	0:00:00	0:00:00	0:00:00",,,,,,,,,,,,,,,,,,,,,,,,,,,,,,,,,,,,,,,,
"TEXAS A&M UNIV, CORPUS CHRISTI	TXF	TX	Academic	1	1	0	1	1	0	0	0	0	3:00:00	3:00:00	0:00:00",,,,,,,,,,,,,,,,,,,,,,,,,,,,,,,,,,,,,,,,
TEXAS STATE UNIV-SAN MARCOS	TXI	TX	Academic	10	10	0	10	9	1	0	0	0	0:16:48	0:10:34	3:00:00,,,,,,,,,,,,,,,,,,,,,,,,,,,,,,,,,,,,,,,,
TEXAS TECH UNIV	ILU	TX	Academic	5	5	0	3	3	0	2	0	0	0:07:55	0:07:55	0:00:00,,,,,,,,,,,,,,,,,,,,,,,,,,,,,,,,,,,,,,,,
TEXAS WOMAN'S UNIV LIBR	IWU	TX	Academic	3	3	0	1	1	0	2	0	0	2:00:00	2:00:00	0:00:00,,,,,,,,,,,,,,,,,,,,,,,,,,,,,,,,,,,,,,,,
THE CLAREMONT COLLEGES	HDC	CA	Academic	5	5	0	0	0	0	5	0	0	0:00:00	0:00:00	0:00:00,,,,,,,,,,,,,,,,,,,,,,,,,,,,,,,,,,,,,,,,
THE COLL OF ST SCHOLASTICA LIBR	MNS	MN	Academic	1	1	0	1	1	0	0	0	0	0:00:00	0:00:00	0:00:00,,,,,,,,,,,,,,,,,,,,,,,,,,,,,,,,,,,,,,,,
THE DALLES-WASCO CNTY PUB LIBR	WAC	OR	Public	1	1	0	0	0	0	2	0	0	0:00:00	0:00:00	0:00:00,,,,,,,,,,,,,,,,,,,,,,,,,,,,,,,,,,,,,,,,
THE LIBRS OF STEVENS CNTY	LZS	WA	Public	1	1	0	0	0	0	1	0	0	0:00:00	0:00:00	0:00:00,,,,,,,,,,,,,,,,,,,,,,,,,,,,,,,,,,,,,,,,
THE MASTERS UNIV	MXL	CA	Academic	1	1	0	1	1	0	0	0	0	7:00:00	7:00:00	0:00:00,,,,,,,,,,,,,,,,,,,,,,,,,,,,,,,,,,,,,,,,
THOMAS BRANIGAN MEM PUB LIBR	TBL	NM	Public	1	1	0	1	1	0	0	0	0	1:00:00	1:00:00	0:00:00,,,,,,,,,,,,,,,,,,,,,,,,,,,,,,,,,,,,,,,,
TILLAMOOK CNTY LIBR	TCO	OR	Public	1	1	0	1	1	0	0	0	0	0:00:00	0:00:00	0:00:00,,,,,,,,,,,,,,,,,,,,,,,,,,,,,,,,,,,,,,,,
TIMBERLAND REG LIBR	UOJ	WA	Public	12	12	0	8	8	0	3	0	0	6:06:00	6:06:00	0:00:00,,,,,,,,,,,,,,,,,,,,,,,,,,,,,,,,,,,,,,,,
TOM GREEN CNTY LIBR SYST	QT5	TX	Public	1	1	0	1	1	0	1	0	0	1:00:00	1:00:00	0:00:00,,,,,,,,,,,,,,,,,,,,,,,,,,,,,,,,,,,,,,,,
TOOLE CNTY LIBR	YVU	MT	Public	2	2	0	1	1	0	1	0	0	0:00:00	0:00:00	0:00:00,,,,,,,,,,,,,,,,,,,,,,,,,,,,,,,,,,,,,,,,
TOPEKA & SHAWNEE CNTY PUB LIBR	KTP	KS	Public	2	2	0	1	1	0	1	0	0	1:00:00	1:00:00	0:00:00,,,,,,,,,,,,,,,,,,,,,,,,,,,,,,,,,,,,,,,,
TOURO COL	XTC	NY	Academic	1	1	0	0	0	0	1	0	0	0:00:00	0:00:00	0:00:00,,,,,,,,,,,,,,,,,,,,,,,,,,,,,,,,,,,,,,,,
TOWSON UNIV	TSC	MD	Academic	1	1	0	1	1	0	0	0	0	0:00:00	0:00:00	0:00:00,,,,,,,,,,,,,,,,,,,,,,,,,,,,,,,,,,,,,,,,
"TREASURE VAL COMMUN COL	TVC	OR	Junior, Community, Technical Colleges	5	5	0	4	4	0	1	0	0	2:18:00	2:18:00	0:00:00",,,,,,,,,,,,,,,,,,,,,,,,,,,,,,,,,,,,,,,,
TRINITY COLL LIBR	TYC	CT	Academic	1	1	0	0	0	0	1	0	0	0:00:00	0:00:00	0:00:00,,,,,,,,,,,,,,,,,,,,,,,,,,,,,,,,,,,,,,,,
"TRINITY UNIV, COATES LIBR	TNY	TX	Academic	3	3	0	2	2	0	1	0	0	0:12:00	0:12:00	0:00:00",,,,,,,,,,,,,,,,,,,,,,,,,,,,,,,,,,,,,,,,
TUFTS UNIV	TFW	MA	Academic	2	2	0	0	0	0	1	0	0	0:00:00	0:00:00	0:00:00,,,,,,,,,,,,,,,,,,,,,,,,,,,,,,,,,,,,,,,,
TWIN FALLS PUB LIBR	Y#4	ID	Public	6	6	0	3	3	0	3	0	0	0:00:00	0:00:00	0:00:00,,,,,,,,,,,,,,,,,,,,,,,,,,,,,,,,,,,,,,,,
TYLER PUB LIBR	QT7	TX	Public	2	2	0	1	1	0	0	0	0	5:00:00	5:00:00	0:00:00,,,,,,,,,,,,,,,,,,,,,,,,,,,,,,,,,,,,,,,,
UNIV OF ARKANSAS MULLINS	AFU	AR	Academic	3	3	0	2	2	0	1	0	0	0:00:00	0:00:00	0:00:00,,,,,,,,,,,,,,,,,,,,,,,,,,,,,,,,,,,,,,,,
UNIV OF CALIFORNIA BERKELEY LIBR	CUY	CA	Academic	0	0	0	0	0	0	1	0	0	0:00:00	0:00:00	0:00:00,,,,,,,,,,,,,,,,,,,,,,,,,,,,,,,,,,,,,,,,
UNIV OF CENTRAL MISSOURI LIBR	MCW	MO	Academic	3	3	0	0	0	0	3	0	0	0:00:00	0:00:00	0:00:00,,,,,,,,,,,,,,,,,,,,,,,,,,,,,,,,,,,,,,,,
UNIV OF COLORADO AT COLORADO SPRINGS	COX	CO	Academic	3	3	0	3	2	1	0	0	0	0:07:55	0:12:00	0:00:00,,,,,,,,,,,,,,,,,,,,,,,,,,,,,,,,,,,,,,,,
"UNIV OF COLORADO AT DENVER, AURARIA LIBR	COA	CO	Academic	5	5	1	1	1	0	4	0	0	0:00:00	0:00:00	0:00:00",,,,,,,,,,,,,,,,,,,,,,,,,,,,,,,,,,,,,,,,
UNIV OF DALLAS	IVD	TX	Academic	2	2	0	2	2	0	0	0	0	0:00:00	0:00:00	0:00:00,,,,,,,,,,,,,,,,,,,,,,,,,,,,,,,,,,,,,,,,
UNIV OF DUBUQUE LIBR	IOV	IA	Academic	1	1	0	1	1	0	0	0	0	0:00:00	0:00:00	0:00:00,,,,,,,,,,,,,,,,,,,,,,,,,,,,,,,,,,,,,,,,
UNIV OF HARTFORD	HRM	CT	Academic	1	1	0	1	1	0	0	0	0	0:00:00	0:00:00	0:00:00,,,,,,,,,,,,,,,,,,,,,,,,,,,,,,,,,,,,,,,,
UNIV OF HOUSTON	TXH	TX	Academic	4	4	0	1	1	0	3	0	0	1:00:00	1:00:00	0:00:00,,,,,,,,,,,,,,,,,,,,,,,,,,,,,,,,,,,,,,,,
UNIV OF IDAHO LAW LIBR	ZXQ	ID	Law Libraries	2	2	0	2	2	0	0	0	0	1:00:00	1:00:00	0:00:00,,,,,,,,,,,,,,,,,,,,,,,,,,,,,,,,,,,,,,,,
UNIV OF IDAHO LIBR	NTD	ID	Academic	5	5	0	5	5	0	1	0	0	1:09:36	1:09:36	0:00:00,,,,,,,,,,,,,,,,,,,,,,,,,,,,,,,,,,,,,,,,
UNIV OF MAINE AT ORONO	MEU	ME	Academic	1	1	0	0	0	0	1	0	0	0:00:00	0:00:00	0:00:00,,,,,,,,,,,,,,,,,,,,,,,,,,,,,,,,,,,,,,,,
"UNIV OF MINNESOTA, DULUTH	MND	MN	Academic	2	2	0	2	2	0	0	0	0	0:12:00	0:12:00	0:00:00",,,,,,,,,,,,,,,,,,,,,,,,,,,,,,,,,,,,,,,,
"UNIV OF MINNESOTA, MINNEAPOLIS	MNU	MN	Academic	1	1	0	1	1	0	0	0	0	1:00:00	1:00:00	0:00:00",,,,,,,,,,,,,,,,,,,,,,,,,,,,,,,,,,,,,,,,
"UNIV OF MISSOURI, ST LOUIS	UMS	MO	Academic	1	1	0	1	1	0	0	0	0	1:00:00	1:00:00	0:00:00",,,,,,,,,,,,,,,,,,,,,,,,,,,,,,,,,,,,,,,,
"UNIV OF MONTANA, MANSFIELD LIBR	MTG	MT	Academic	14	14	0	11	11	0	3	0	0	0:08:38	0:08:38	0:00:00",,,,,,,,,,,,,,,,,,,,,,,,,,,,,,,,,,,,,,,,
UNIV OF N CAROLINA GREENSBORO	NGU	NC	Academic	1	1	0	0	0	0	1	0	0	0:00:00	0:00:00	0:00:00,,,,,,,,,,,,,,,,,,,,,,,,,,,,,,,,,,,,,,,,
UNIV OF NEBRASKA AT OMAHA	NBU	NE	Academic	2	2	0	1	1	0	1	0	0	1:00:00	1:00:00	0:00:00,,,,,,,,,,,,,,,,,,,,,,,,,,,,,,,,,,,,,,,,
UNIV OF NEW HAMPSHIRE	NHM	NH	Academic	1	1	0	1	1	0	0	0	0	1:00:00	1:00:00	0:00:00,,,,,,,,,,,,,,,,,,,,,,,,,,,,,,,,,,,,,,,,
UNIV OF NEW MEXICO	IQU	NM	Academic	2	2	0	1	1	0	1	0	0	0:00:00	0:00:00	0:00:00,,,,,,,,,,,,,,,,,,,,,,,,,,,,,,,,,,,,,,,,
UNIV OF NEW MEXICO VALENCIA CAM LIBR	VL#	NM	Academic	3	3	0	3	3	0	0	0	0	1:00:00	1:00:00	0:00:00,,,,,,,,,,,,,,,,,,,,,,,,,,,,,,,,,,,,,,,,
UNIV OF NORTHERN COLORADO	COV	CO	Academic	1	1	0	1	1	0	0	0	0	1:00:00	1:00:00	0:00:00,,,,,,,,,,,,,,,,,,,,,,,,,,,,,,,,,,,,,,,,
UNIV OF PORTLAND	OUP	OR	Academic	2	2	0	1	1	0	1	0	0	2:00:00	2:00:00	0:00:00,,,,,,,,,,,,,,,,,,,,,,,,,,,,,,,,,,,,,,,,
UNIV OF PUGET SOUND LIBR	UPP	WA	Academic	16	16	0	12	12	0	4	0	0	0:10:05	0:10:05	0:00:00,,,,,,,,,,,,,,,,,,,,,,,,,,,,,,,,,,,,,,,,
UNIV OF ROCHESTER	RRR	NY	Major Academic Research	1	1	0	1	1	0	0	0	0	1:00:00	1:00:00	0:00:00,,,,,,,,,,,,,,,,,,,,,,,,,,,,,,,,,,,,,,,,
UNIV OF SAINT FRANCIS	FW8	IN	Academic	1	1	0	0	0	0	1	0	0	0:00:00	0:00:00	0:00:00,,,,,,,,,,,,,,,,,,,,,,,,,,,,,,,,,,,,,,,,
UNIV OF SOUTHERN MISSISSIPPI	MUS	MS	Academic	4	4	0	0	0	0	4	0	0	0:00:00	0:00:00	0:00:00,,,,,,,,,,,,,,,,,,,,,,,,,,,,,,,,,,,,,,,,
UNIV OF TEXAS AT ARLINGTON	IUA	TX	Academic	5	5	0	3	3	0	2	0	0	0:00:00	0:00:00	0:00:00,,,,,,,,,,,,,,,,,,,,,,,,,,,,,,,,,,,,,,,,
UNIV OF TEXAS AT DALLAS	ITD	TX	Academic	5	5	0	2	2	0	3	0	0	1:00:00	1:00:00	0:00:00,,,,,,,,,,,,,,,,,,,,,,,,,,,,,,,,,,,,,,,,
UNIV OF TEXAS AT SAN ANTONIO	TXJ	TX	Academic	2	2	0	1	1	0	1	0	0	5:00:00	5:00:00	0:00:00,,,,,,,,,,,,,,,,,,,,,,,,,,,,,,,,,,,,,,,,
UNIV OF TEXAS RIO GRANDE VAL THE	TPN	TX	Academic	4	4	0	3	3	0	1	0	0	0:00:00	0:00:00	0:00:00,,,,,,,,,,,,,,,,,,,,,,,,,,,,,,,,,,,,,,,,
UNIV OF THE ARTS LIBRS	PAI	PA	Academic	1	1	0	1	1	0	0	0	0	0:00:00	0:00:00	0:00:00,,,,,,,,,,,,,,,,,,,,,,,,,,,,,,,,,,,,,,,,
UNIV OF THE PACIFIC LIBR	UOP	CA	Academic	1	1	0	1	1	0	0	0	0	0:00:00	0:00:00	0:00:00,,,,,,,,,,,,,,,,,,,,,,,,,,,,,,,,,,,,,,,,
UNIV OF THE SOUTH	TWU	TN	Academic	1	1	0	1	1	0	0	0	0	0:00:00	0:00:00	0:00:00,,,,,,,,,,,,,,,,,,,,,,,,,,,,,,,,,,,,,,,,
UNIV OF THE WEST	HLQ	CA	Academic	2	2	0	1	1	0	1	0	0	0:00:00	0:00:00	0:00:00,,,,,,,,,,,,,,,,,,,,,,,,,,,,,,,,,,,,,,,,
UNIV OF TULSA	OKT	OK	Academic	1	1	0	0	0	0	1	0	0	0:00:00	0:00:00	0:00:00,,,,,,,,,,,,,,,,,,,,,,,,,,,,,,,,,,,,,,,,
UNIV OF VIRGINIA	VA@	VA	Academic	6	6	0	3	2	1	3	0	0	2:07:55	1:00:00	5:00:00,,,,,,,,,,,,,,,,,,,,,,,,,,,,,,,,,,,,,,,,
"UNIV OF WASHINGTON, GALLAGHER LAW LIBR	ONA	WA	Academic	3	3	0	2	2	0	1	0	0	0:12:00	0:12:00	0:00:00",,,,,,,,,,,,,,,,,,,,,,,,,,,,,,,,,,,,,,,,
UNIV OF WESTERN STATES	OOJ	OR	Academic	2	2	0	2	2	0	0	0	0	0:00:00	0:00:00	0:00:00,,,,,,,,,,,,,,,,,,,,,,,,,,,,,,,,,,,,,,,,
UNIV OF WINNIPEG LIBR	JG0	MB	Academic	2	2	0	0	0	0	2	0	0	0:00:00	0:00:00	0:00:00,,,,,,,,,,,,,,,,,,,,,,,,,,,,,,,,,,,,,,,,
"UNIV OF WISCONSIN, GREEN BAY	GZW	WI	Academic	1	1	0	1	1	0	0	0	0	1:00:00	1:00:00	0:00:00",,,,,,,,,,,,,,,,,,,,,,,,,,,,,,,,,,,,,,,,
UNIV OF WYOMING LIBR	WYU	WY	Academic	9	9	0	7	7	0	2	0	0	0:13:41	0:13:41	0:00:00,,,,,,,,,,,,,,,,,,,,,,,,,,,,,,,,,,,,,,,,
URBANDALE PUB LIBR	JIU	IA	Public	2	2	0	2	2	0	0	0	0	2:00:00	2:00:00	0:00:00,,,,,,,,,,,,,,,,,,,,,,,,,,,,,,,,,,,,,,,,
"US AIR FORCE, BEALE AFB, LIBR FL4686	FGC	CA	Federal/Natl Government	1	1	0	0	0	0	1	0	0	0:00:00	0:00:00	0:00:00",,,,,,,,,,,,,,,,,,,,,,,,,,,,,,,,,,,,,,,,
"US AIR FORCE, FAIRCHILD AFB, FL4620	FGJ	WA	Federal/Natl Government	1	1	0	1	1	0	0	0	0	0:00:00	0:00:00	0:00:00",,,,,,,,,,,,,,,,,,,,,,,,,,,,,,,,,,,,,,,,
"US AIR FORCE, MALMSTROM AFB, LIBR FL4626	FGQ	MT	Federal/Natl Government	2	2	0	2	2	0	0	0	0	0:00:00	0:00:00	0:00:00",,,,,,,,,,,,,,,,,,,,,,,,,,,,,,,,,,,,,,,,
"US AIR FORCE, MOUNTAIN HOME AFB LIBR	TYI	ID	Federal/Natl Government	2	2	0	0	0	0	2	0	0	0:00:00	0:00:00	0:00:00",,,,,,,,,,,,,,,,,,,,,,,,,,,,,,,,,,,,,,,,
US ARMY WAR COL	AWC	PA	Federal/Natl Government	1	1	0	1	1	0	0	0	0	3:00:00	3:00:00	0:00:00,,,,,,,,,,,,,,,,,,,,,,,,,,,,,,,,,,,,,,,,
US CENT INTELLIGENCE AG	LCI	DC	Federal/Natl Government	0	0	0	0	0	0	1	0	0	0:00:00	0:00:00	0:00:00,,,,,,,,,,,,,,,,,,,,,,,,,,,,,,,,,,,,,,,,
US MERCHANT MARINE ACAD	VYM	NY	Academic	1	1	0	1	1	0	0	0	0	0:00:00	0:00:00	0:00:00,,,,,,,,,,,,,,,,,,,,,,,,,,,,,,,,,,,,,,,,
US NAVAL OBSERVATORY	DNO	DC	Federal/Natl Government	0	0	0	0	0	0	1	0	0	0:00:00	0:00:00	0:00:00,,,,,,,,,,,,,,,,,,,,,,,,,,,,,,,,,,,,,,,,
UTAH STATE UNIV	UUS	UT	Academic	1	1	0	1	1	0	0	0	0	1:00:00	1:00:00	0:00:00,,,,,,,,,,,,,,,,,,,,,,,,,,,,,,,,,,,,,,,,
UTAH VAL UNIV	UV$	UT	Academic	0	0	0	1	1	0	0	0	0	1:00:00	1:00:00	0:00:00,,,,,,,,,,,,,,,,,,,,,,,,,,,,,,,,,,,,,,,,
VALPARAISO UNIV	IVU	IN	Academic	1	1	0	1	1	0	0	0	0	0:00:00	0:00:00	0:00:00,,,,,,,,,,,,,,,,,,,,,,,,,,,,,,,,,,,,,,,,
VIGO CNTY PUB LIBR	IVC	IN	Public	1	1	0	1	1	0	0	0	0	2:00:00	2:00:00	0:00:00,,,,,,,,,,,,,,,,,,,,,,,,,,,,,,,,,,,,,,,,
VINCENNES UNIV	IVV	IN	Academic	2	2	0	0	0	0	2	0	0	0:00:00	0:00:00	0:00:00,,,,,,,,,,,,,,,,,,,,,,,,,,,,,,,,,,,,,,,,
VIRGINIA BEACH PUB LIBR SYST	VPL	VA	Public	1	1	0	1	1	0	0	0	0	2:00:00	2:00:00	0:00:00,,,,,,,,,,,,,,,,,,,,,,,,,,,,,,,,,,,,,,,,
VIRGINIA MIL INST	VMI	VA	Academic	1	1	0	1	1	0	0	0	0	1:00:00	1:00:00	0:00:00,,,,,,,,,,,,,,,,,,,,,,,,,,,,,,,,,,,,,,,,
VIRGINIA TECH	VPI	VA	Academic	0	0	0	1	1	0	0	0	0	5:00:00	5:00:00	0:00:00,,,,,,,,,,,,,,,,,,,,,,,,,,,,,,,,,,,,,,,,
VITERBO UNIV LIBRARY.	ZR1	WI	Academic	1	1	0	1	1	0	0	0	0	0:00:00	0:00:00	0:00:00,,,,,,,,,,,,,,,,,,,,,,,,,,,,,,,,,,,,,,,,
WAGONER CITY PUB LIBR	C0P	OK	Public	1	1	0	0	0	0	1	0	0	0:00:00	0:00:00	0:00:00,,,,,,,,,,,,,,,,,,,,,,,,,,,,,,,,,,,,,,,,
WALLA WALLA CNTY RURAL LIBR DIST	XVJ	WA	Public	2	2	0	1	1	0	1	0	0	0:00:00	0:00:00	0:00:00,,,,,,,,,,,,,,,,,,,,,,,,,,,,,,,,,,,,,,,,
WALLA WALLA COMMUN COL LIBR	XVG	WA	Academic	2	2	0	1	1	0	1	0	0	1:00:00	1:00:00	0:00:00,,,,,,,,,,,,,,,,,,,,,,,,,,,,,,,,,,,,,,,,
WARNER PACIFIC UNIV	OWP	OR	Academic	1	1	0	0	0	0	1	0	0	0:00:00	0:00:00	0:00:00,,,,,,,,,,,,,,,,,,,,,,,,,,,,,,,,,,,,,,,,
WARREN TRUMBULL CNTY PUB LIBR	WPL	OH	Public	4	4	0	0	0	0	4	0	0	0:00:00	0:00:00	0:00:00,,,,,,,,,,,,,,,,,,,,,,,,,,,,,,,,,,,,,,,,
WASHINGTON CNTY COOP LIBR	OQX	OR	Public	39	39	0	8	8	0	32	0	0	2:21:07	2:21:07	0:00:00,,,,,,,,,,,,,,,,,,,,,,,,,,,,,,,,,,,,,,,,
WASHINGTON CNTY LIBR	MT9	MO	Public	1	1	0	0	0	0	1	0	0	0:00:00	0:00:00	0:00:00,,,,,,,,,,,,,,,,,,,,,,,,,,,,,,,,,,,,,,,,
WASHINGTON CNTY LIBR SYST	OZA	AR	Public	1	1	0	0	0	0	1	0	0	0:00:00	0:00:00	0:00:00,,,,,,,,,,,,,,,,,,,,,,,,,,,,,,,,,,,,,,,,
WASHINGTON CNTY PUB LIBR	PGF	VA	Public	1	1	0	1	1	0	0	0	0	1:00:00	1:00:00	0:00:00,,,,,,,,,,,,,,,,,,,,,,,,,,,,,,,,,,,,,,,,
WASHINGTON CORR CTR FOR WOMEN LIBR	Z83	WA	State or Municipal Governments	1	1	0	1	1	0	0	0	0	0:00:00	0:00:00	0:00:00,,,,,,,,,,,,,,,,,,,,,,,,,,,,,,,,,,,,,,,,
WASHINGTON STATE LIBR	WRJ	WA	State Library	1	1	0	1	1	0	0	0	0	0:00:00	0:00:00	0:00:00,,,,,,,,,,,,,,,,,,,,,,,,,,,,,,,,,,,,,,,,
"WASHINGTON STATE UNIV, VANCOUVER	WS2	WA	Academic	1	1	0	1	1	0	0	0	0	0:00:00	0:00:00	0:00:00",,,,,,,,,,,,,,,,,,,,,,,,,,,,,,,,,,,,,,,,
WASHOE CNTY LIBR SYST	NUW	NV	Public	3	3	0	1	1	0	2	0	0	3:00:00	3:00:00	0:00:00,,,,,,,,,,,,,,,,,,,,,,,,,,,,,,,,,,,,,,,,
WASILLA PUB LIBR	XZZ	AK	Public	1	1	0	1	1	0	0	0	0	1:00:00	1:00:00	0:00:00,,,,,,,,,,,,,,,,,,,,,,,,,,,,,,,,,,,,,,,,
WATSONVILLE PUB LIBR	WTX	CA	Public	1	1	0	0	0	0	1	0	0	0:00:00	0:00:00	0:00:00,,,,,,,,,,,,,,,,,,,,,,,,,,,,,,,,,,,,,,,,
WAYLAND BAPTIST COL	TWB	TX	Academic	2	2	0	2	2	0	0	0	0	1:12:00	1:12:00	0:00:00,,,,,,,,,,,,,,,,,,,,,,,,,,,,,,,,,,,,,,,,
WEBER CNTY LIBR	UTW	UT	Public	2	2	0	1	1	0	1	0	0	3:00:00	3:00:00	0:00:00,,,,,,,,,,,,,,,,,,,,,,,,,,,,,,,,,,,,,,,,
WEBER STATE UNIV	UUO	UT	Academic	1	1	0	1	1	0	0	0	0	0:00:00	0:00:00	0:00:00,,,,,,,,,,,,,,,,,,,,,,,,,,,,,,,,,,,,,,,,
WELLS CNTY PUB LIBR	IWM	IN	Public	1	1	0	0	0	0	1	0	0	0:00:00	0:00:00	0:00:00,,,,,,,,,,,,,,,,,,,,,,,,,,,,,,,,,,,,,,,,
WEST CHESTER UNIV	QWC	PA	Academic	1	1	0	0	0	0	1	0	0	0:00:00	0:00:00	0:00:00,,,,,,,,,,,,,,,,,,,,,,,,,,,,,,,,,,,,,,,,
"WEST TEXAS A&M UNIV, CORNETTE LIBR	TWT	TX	Academic	1	1	0	0	0	0	1	0	0	0:00:00	0:00:00	0:00:00",,,,,,,,,,,,,,,,,,,,,,,,,,,,,,,,,,,,,,,,
WESTERN ILLINOIS UNIV LIBR	IAZ	IL	Academic	1	1	0	1	1	0	0	0	0	0:00:00	0:00:00	0:00:00,,,,,,,,,,,,,,,,,,,,,,,,,,,,,,,,,,,,,,,,
WESTERN IOWA TECH COMMUN COL	IWS	IA	Academic	1	1	0	0	0	0	1	0	0	0:00:00	0:00:00	0:00:00,,,,,,,,,,,,,,,,,,,,,,,,,,,,,,,,,,,,,,,,
WESTERN MARYLAND REGN LIBR	WM@	MD	Public	1	1	0	1	1	0	0	0	0	6:00:00	6:00:00	0:00:00,,,,,,,,,,,,,,,,,,,,,,,,,,,,,,,,,,,,,,,,
WESTERN MICHIGAN UNIV	EXW	MI	Academic	1	1	0	0	0	0	1	0	0	0:00:00	0:00:00	0:00:00,,,,,,,,,,,,,,,,,,,,,,,,,,,,,,,,,,,,,,,,
WESTERN NEW MEXICO UNIV	IQW	NM	Academic	1	1	0	0	0	0	1	0	0	0:00:00	0:00:00	0:00:00,,,,,,,,,,,,,,,,,,,,,,,,,,,,,,,,,,,,,,,,
WESTERN OREGON UNIV LIBR	WOS	OR	Academic	2	2	0	2	2	0	0	0	0	2:00:00	2:00:00	0:00:00,,,,,,,,,,,,,,,,,,,,,,,,,,,,,,,,,,,,,,,,
WESTERN SEMINARY	WBS	OR	Theological	2	2	0	0	0	0	2	0	0	0:00:00	0:00:00	0:00:00,,,,,,,,,,,,,,,,,,,,,,,,,,,,,,,,,,,,,,,,
WESTERN WASHINGTON UNIV	XFF	WA	Academic	2	2	0	2	2	0	0	0	0	0:00:00	0:00:00	0:00:00,,,,,,,,,,,,,,,,,,,,,,,,,,,,,,,,,,,,,,,,
WHATCOM CNTY LIBR SYST	WC4	WA	Public	29	29	0	18	18	0	11	0	0	1:18:43	1:18:43	0:00:00,,,,,,,,,,,,,,,,,,,,,,,,,,,,,,,,,,,,,,,,
WHEATON COL	ICW	IL	Academic	2	2	0	1	1	0	1	0	0	1:00:00	1:00:00	0:00:00,,,,,,,,,,,,,,,,,,,,,,,,,,,,,,,,,,,,,,,,
WHEATON PUB LIBR	JAD	IL	Public	1	1	0	0	0	0	1	0	0	0:00:00	0:00:00	0:00:00,,,,,,,,,,,,,,,,,,,,,,,,,,,,,,,,,,,,,,,,
WHITEHALL COMMUN LIBR	Y36	MT	Public	1	1	0	1	1	0	0	0	0	3:00:00	3:00:00	0:00:00,,,,,,,,,,,,,,,,,,,,,,,,,,,,,,,,,,,,,,,,
WHITMAN CNTY RURAL LIBR DIST	XQU	WA	Public	1	1	0	0	0	0	1	0	0	0:00:00	0:00:00	0:00:00,,,,,,,,,,,,,,,,,,,,,,,,,,,,,,,,,,,,,,,,
"WHITMAN COL, PENROSE MEM LIBR	HTM	WA	Academic	13	13	0	12	10	2	1	0	0	0:06:00	0:07:12	0:00:00",,,,,,,,,,,,,,,,,,,,,,,,,,,,,,,,,,,,,,,,
WHITTIER COL	CWC	CA	Academic	1	1	0	1	1	0	0	0	0	2:00:00	2:00:00	0:00:00,,,,,,,,,,,,,,,,,,,,,,,,,,,,,,,,,,,,,,,,
WHITTIER PUB LIBR	WRP	CA	Public	5	5	0	0	0	0	5	0	0	0:00:00	0:00:00	0:00:00,,,,,,,,,,,,,,,,,,,,,,,,,,,,,,,,,,,,,,,,
WHITWORTH UNIV	WTV	WA	Academic	10	10	0	8	8	0	1	0	0	1:12:00	1:12:00	0:00:00,,,,,,,,,,,,,,,,,,,,,,,,,,,,,,,,,,,,,,,,
WIBAUX PUB LIBR	YQT	MT	Public	0	0	0	0	0	0	1	0	0	0:00:00	0:00:00	0:00:00,,,,,,,,,,,,,,,,,,,,,,,,,,,,,,,,,,,,,,,,
WILDER PUB LIBR DIST	ZQQ	ID	Public	1	1	0	1	1	0	0	0	0	0:00:00	0:00:00	0:00:00,,,,,,,,,,,,,,,,,,,,,,,,,,,,,,,,,,,,,,,,
WILLAMETTE UNIV LIBR	OWS	OR	Academic	15	15	0	11	11	0	4	0	0	0:00:00	0:00:00	0:00:00,,,,,,,,,,,,,,,,,,,,,,,,,,,,,,,,,,,,,,,,
WILLIAM & MARY LIBRS	VWM	VA	Academic	1	1	0	1	1	0	0	0	0	1:00:00	1:00:00	0:00:00,,,,,,,,,,,,,,,,,,,,,,,,,,,,,,,,,,,,,,,,
WILLIAM K KOHRS MEM LIBR	YZU	MT	Public	1	1	0	0	0	0	1	0	0	0:00:00	0:00:00	0:00:00,,,,,,,,,,,,,,,,,,,,,,,,,,,,,,,,,,,,,,,,
WILMINGTON PUB LIBR	DWW	DE	Public	1	1	0	0	0	0	1	0	0	0:00:00	0:00:00	0:00:00,,,,,,,,,,,,,,,,,,,,,,,,,,,,,,,,,,,,,,,,
WINGATE UNIV LIBR	NWC	NC	Academic	1	1	0	0	0	0	1	0	0	0:00:00	0:00:00	0:00:00,,,,,,,,,,,,,,,,,,,,,,,,,,,,,,,,,,,,,,,,
WINNEFOX LIBR SYST	GZK	WI	Public	2	2	0	1	1	0	2	0	0	2:00:00	2:00:00	0:00:00,,,,,,,,,,,,,,,,,,,,,,,,,,,,,,,,,,,,,,,,
WINTHROP UNIV	SWW	SC	Academic	1	1	0	0	0	0	1	0	0	0:00:00	0:00:00	0:00:00,,,,,,,,,,,,,,,,,,,,,,,,,,,,,,,,,,,,,,,,
WOODBURY UNIV LIBR	OMB	CA	Academic	3	3	0	2	2	0	1	0	0	2:00:00	2:00:00	0:00:00,,,,,,,,,,,,,,,,,,,,,,,,,,,,,,,,,,,,,,,,
WOODRIDGE PUB LIBR	HUO	IL	Public	1	1	0	1	1	0	0	0	0	0:00:00	0:00:00	0:00:00,,,,,,,,,,,,,,,,,,,,,,,,,,,,,,,,,,,,,,,,
YAKIMA VAL LIBRS	YVR	WA	Public	7	7	0	0	0	0	7	0	0	0:00:00	0:00:00	0:00:00,,,,,,,,,,,,,,,,,,,,,,,,,,,,,,,,,,,,,,,,
YAVAPAI COL LIBR	YVP	AZ	Academic	2	2	0	1	1	0	1	0	0	6:00:00	6:00:00	0:00:00,,,,,,,,,,,,,,,,,,,,,,,,,,,,,,,,,,,,,,,,
YESHIVA UNIV	YYP	NY	Academic	3	3	0	2	2	0	1	0	0	1:00:00	1:00:00	0:00:00,,,,,,,,,,,,,,,,,,,,,,,,,,,,,,,,,,,,,,,,
YOUNGSTOWN STATE UNIV	YNG	OH	Academic	1	1	0	1	1	0	0	0	0	4:00:00	4:00:00	0:00:00,,,,,,,,,,,,,,,,,,,,,,,,,,,,,,,,,,,,,,,,